eval_axis,EHVI,ParEGO,MESMO,NSGA2,MOEAD,SMSEMOA,RandomSearch
55,11.101383166659312,4.528922733307506,7.629453833253744,0.9259452740009996,0.032139766650895275,1.21003204134369,0.0
60,10.38103903333346,5.647896566622269,5.994338200000736,0.9259452740009996,0.022867966676140366,1.21003204134369,0.0
65,9.182987199979834,7.631151466669205,6.4130047666840255,0.9259452740009996,0.014628833315024773,1.21003204134369,0.0
70,9.247674566693604,11.555984766688198,6.09002933333007,0.9259452740009996,0.021150766716649134,1.21003204134369,0.0
75,9.310218666718962,10.4077578667008,6.128992566644835,0.9259452740009996,0.022544366695607703,1.21003204134369,0.0
80,8.612981599988416,8.542384899997463,7.322279533332524,0.9259452740009996,0.011637033390191695,1.21003204134369,0.0
85,8.795686466619372,7.194273200002499,6.478020800005955,0.9259452740009996,0.011680633295327425,1.21003204134369,0.0
90,9.807698766700923,13.683652200037614,5.866030366664442,0.9259452740009996,0.016738600019976957,1.21003204134369,0.0
95,9.189898300023438,10.902575633333376,6.011680666667719,0.9259452740009996,0.024353766697458923,1.21003204134369,0.0
100,9.018818966695108,10.098045266699046,6.4624141666960595,0.9259452740009996,0.017003666687135894,1.21003204134369,0.0
105,10.383354066638276,10.568237466660017,6.03330593331096,1.07299343333115,0.014327366642334027,0.9853261773311713,0.0
110,10.389793266697476,9.326467966622053,6.079262366673599,1.07299343333115,0.013274166694221398,0.9853261773311713,0.0
115,10.391715600000074,11.439334800001234,6.056567133326705,1.07299343333115,0.015603733365423977,0.9853261773311713,0.0
120,10.907689200015739,12.433786000008695,6.126743766673219,1.07299343333115,0.018989633303135633,0.9853261773311713,0.0
125,10.639585133331517,10.25734486663714,6.498082133359276,1.07299343333115,0.012152966655169925,0.9853261773311713,0.0
130,10.942178266705014,11.420274666626938,6.271668699996856,1.07299343333115,0.012826966665064296,0.9853261773311713,0.0
135,10.761415999926006,8.07433786666176,6.214743700033675,1.07299343333115,0.020926966642340023,0.9853261773311713,0.0
140,11.451860833331011,10.694090633303858,6.134629933318744,1.07299343333115,0.014115666737779975,0.9853261773311713,0.0
145,10.481891266652383,12.370481966645457,6.4618123333202675,1.07299343333115,0.01327399994866596,0.9853261773311713,0.0
150,10.499657500030784,8.822117133337693,6.57078789997225,1.07299343333115,0.014130299910902977,0.9853261773311713,0.0
155,11.007938633323647,8.256514366716146,6.12251296674367,1.4601173953339412,0.011373166693374515,1.6459218780036735,0.0
160,10.925378566685444,15.618920166705115,5.732416199985892,1.4601173953339412,0.015370966672586897,1.6459218780036735,0.0
165,11.094663933346359,12.977120933355764,6.559140466696893,1.4601173953339412,0.017253133351914585,1.6459218780036735,0.0
170,9.976058133373348,7.983579366623114,6.438813766619812,1.4601173953339412,0.012588499967620237,1.6459218780036735,0.0
175,10.97532663331367,14.600397899979725,5.976303533379299,1.4601173953339412,0.013932600035332143,1.6459218780036735,0.0
180,10.676468933311602,11.507557933335193,6.138766833309394,1.4601173953339412,0.013749399920925498,1.6459218780036735,0.0
185,10.46604606664429,12.359225233318284,6.060710033324237,1.4601173953339412,0.008505233330652118,1.6459218780036735,0.0
190,11.105059200005295,12.737870066659525,6.234192333339403,1.4601173953339412,0.011830933353242775,1.6459218780036735,0.0
195,12.835376899961071,8.299296933303898,6.71935933335529,1.4601173953339412,0.017712333317225177,1.6459218780036735,0.0
200,13.702897833349803,10.271478633357523,5.9947361000037445,1.4601173953339412,0.014413033301631609,1.6459218780036735,0.0
205,9.926928733359091,13.784461133298464,6.053434433299117,1.0503147733351321,0.0133048666951557,0.4829048033345922,0.0
210,11.655089400010183,15.644857000055103,7.028900866668361,1.0503147733351321,0.018209666673404474,0.4829048033345922,0.0
215,11.137490799999796,9.818014066666365,6.5307358333375305,1.0503147733351321,0.011186733337429663,0.4829048033345922,0.0
220,10.128383799960526,10.421851600054651,6.394010333305535,1.0503147733351321,0.009548099944368005,0.4829048033345922,0.0
225,11.595810433345227,11.313117733341642,6.1208504333238425,1.0503147733351321,0.015070566635889312,0.4829048033345922,0.0
230,11.708826833365796,7.97520960002051,7.242650266659136,1.0503147733351321,0.013893133339782556,0.4829048033345922,0.0
235,14.677119600043321,9.819683033313291,7.921538133329402,1.0503147733351321,0.013218600031298896,0.4829048033345922,0.0
240,13.665188466664404,9.326429233381836,6.828280099978049,1.0503147733351321,0.011809899976166586,0.4829048033345922,0.0
245,12.328353966663903,10.387475566666884,6.949837666664583,1.0503147733351321,0.012129066706014177,0.4829048033345922,0.0
250,20.352610766654834,10.34105420000075,6.627745266615723,1.0503147733351321,0.020651699936318362,0.4829048033345922,0.0
255,13.367210666649044,14.808811333379708,6.730719133319023,1.424524542002473,0.015307799990599355,1.2293887959994816,0.0
260,13.013086966626966,9.875206233312687,5.617611333339785,1.424524542002473,0.013466833353353044,1.2293887959994816,0.0
265,13.22027536664003,10.10148713334153,5.791632666679409,1.424524542002473,0.011925499963884553,1.2293887959994816,0.0
270,11.988933266644986,12.633168666662337,6.021075633354485,1.424524542002473,0.011484866690201065,1.2293887959994816,0.0
275,14.101573566634519,10.92155036663947,6.002192766677278,1.424524542002473,0.014695066648224989,1.2293887959994816,0.0
280,12.574962133386483,13.488909866699638,6.177580899985817,1.424524542002473,0.008008299938704036,1.2293887959994816,0.0
285,9.941231899972385,11.295135966618545,4.844153000003037,1.424524542002473,0.01259816666909804,1.2293887959994816,0.0
290,22.834491166635416,13.29855603336667,6.058169833345649,1.424524542002473,0.01183983330458697,1.2293887959994816,0.0
295,14.772442499990575,14.235057766704509,6.495816366630606,1.424524542002473,0.00879306672140956,1.2293887959994816,0.0
300,14.53194356667033,15.809556366642937,5.984990966700328,1.424524542002473,0.021370833390392363,1.2293887959994816,0.0
305,16.427657733360927,14.617289333332641,5.577123400017929,1.8200947926759985,0.017706066641646128,1.458276424001277,0.0
310,14.00138579995837,19.467459666620318,6.976404600039435,1.8200947926759985,0.01922143332194537,1.458276424001277,0.0
315,16.942493866663426,16.181774933317985,6.191176633311746,1.8200947926759985,0.010130166658200324,1.458276424001277,0.0
320,16.866247066645883,20.036260900010046,6.5848728333367035,1.8200947926759985,0.009309400028238693,1.458276424001277,0.0
325,13.776661066648861,14.967079700048393,6.784170866633455,1.8200947926759985,0.012557766594303152,1.458276424001277,0.0
330,27.413508533344913,16.260727900002774,6.149322899989784,1.8200947926759985,0.01463820001419928,1.458276424001277,0.0
335,16.990764733326312,14.79487979998036,6.776809333319155,1.8200947926759985,0.011403600025611619,1.458276424001277,0.0
340,18.192786233344425,15.206495133345015,5.713525000067118,1.8200947926759985,0.01745726668741554,1.458276424001277,0.0
345,15.654014466679655,16.545160699946184,6.557094166676204,1.8200947926759985,0.016105499972288346,1.458276424001277,0.0
350,15.994324200049354,13.608907599933445,7.215167099959217,1.8200947926759985,0.013097066665068269,1.458276424001277,0.0
355,21.220972833340056,19.83656849999291,6.7159781000033645,0.9013092919990185,0.01269550008388857,1.30561014466532,0.0
360,16.179877566639334,13.112363200013837,7.007936733270374,0.9013092919990185,0.014842500017645458,1.30561014466532,0.0
365,18.55853883336143,15.808505599969067,7.369080199976452,0.9013092919990185,0.015036899984503785,1.30561014466532,0.0
370,18.000561033336755,17.849675899992388,6.219235899974592,0.9013092919990185,0.019668599939905107,1.30561014466532,0.0
375,33.13785930001177,13.1579016999652,5.9627933000059175,0.9013092919990185,0.011412566644139588,1.30561014466532,0.0
380,18.632517666672356,12.723673733339334,6.022716466647883,0.9013092919990185,0.01088410010561347,1.30561014466532,0.0
385,17.832050066635322,13.67341203339553,5.309290366635348,0.9013092919990185,0.014554833294823766,1.30561014466532,0.0
390,20.47954906670687,11.426554733382849,5.976287266705185,0.9013092919990185,0.017267033302535612,1.30561014466532,0.0
395,19.739861166647945,16.10541150001033,5.723538633358355,0.9013092919990185,0.017988033282250626,1.30561014466532,0.0
400,15.200216733307267,16.143378866642404,5.623177566643183,0.9013092919990185,0.010974399978304442,1.30561014466532,0.0
405,19.475032566697337,19.10169983333132,5.311799766689849,1.1010863600034935,0.009961566693770388,1.2718458506635593,0.0
410,16.286112866674863,14.379828133387491,6.052058533299714,1.1010863600034935,0.013089100015349686,1.2718458506635593,0.0
415,19.520611933316104,19.586995900026523,5.782543233324152,1.1010863600034935,0.014651200035586953,1.2718458506635593,0.0
420,21.072294733370654,21.48298576668215,5.5600938333276035,1.1010863600034935,0.01493636662295709,1.2718458506635593,0.0
425,20.265728466639604,18.552779033353243,6.0188554000342265,1.1010863600034935,0.010833400068795148,1.2718458506635593,0.0
430,21.900542433296025,16.584482233350474,5.599092199971589,1.1010863600034935,0.011681500007398427,1.2718458506635593,0.0
435,18.121542133313294,15.264492199989036,6.592239566651794,1.1010863600034935,0.012174799960727492,1.2718458506635593,0.0
440,23.89210549998097,18.39239769995523,5.88011033332441,1.1010863600034935,0.01684590002212379,1.2718458506635593,0.0
445,36.468972066611364,19.42733206662039,6.606806366704404,1.1010863600034935,0.019080466668431956,1.2718458506635593,0.0
450,22.689396433338214,24.02918439998757,7.259534099992986,1.1010863600034935,0.013987933324339489,1.2718458506635593,0.0
455,22.20213503332343,20.34301596666531,6.929696199988636,1.5456869839962415,0.020592333399690688,0.9230878573267925,0.0
460,24.070577800002255,16.786599899991415,5.270698599983007,1.5456869839962415,0.010331266676075757,0.9230878573267925,0.0
465,26.984346633350167,18.332898933362838,4.867370566663642,1.5456869839962415,0.02334733330644667,0.9230878573267925,0.0
470,22.432044033310376,23.14519140004025,5.726829533348791,1.5456869839962415,0.022856466627369326,0.9230878573267925,0.0
475,36.50488446664531,21.421291366646376,5.669268500021038,1.5456869839962415,0.01111413340549916,0.9230878573267925,0.0
480,23.66930536661918,18.698475766655367,5.164976100010487,1.5456869839962415,0.013517866609618068,0.9230878573267925,0.0
485,23.549584133317694,12.010603066689024,5.774547400030618,1.5456869839962415,0.013135399979849657,0.9230878573267925,0.0
490,26.335284366621636,20.376383300016943,7.2124466000047205,1.5456869839962415,0.014068700062731901,0.9230878573267925,0.0
495,24.857860533326555,20.181748433349032,6.392932866583578,1.5456869839962415,0.026373599966367085,0.9230878573267925,0.0
500,25.41903559999385,26.85709293334124,7.762667633321446,1.5456869839962415,0.0233445333239312,0.9230878573267925,0.0
