objectives;is_feasible;variables;constraints;algorithm_time;evaluation_time
[2.90768187, -5.0, 0.95322254, 0.96145416, 0.99300517];False;[1.0, 0.45, 1.6, 0.8, 1.5, 1.4, 1.6, 2.2, 1.2, 0.9, 2.3, 0.65, 1.2, 1.3, 1.6, 1.4, 1.2, 1.8, 1.8, 1.5, 1.5, 1.0, 0.65, 1.2, 0.6, 0.65, 1.6, 1.0, 0.95, 1.7, 1.2, 0.7, 1.0, 0.85, 1.8, 1.5, 0.9, 0.8, 0.7, 0.95, 2.0, 1.4, 0.65, 1.6, 1.6, 1.6, 1.4, 1.3, 1.9, 1.3, 2.2, 2.2, 1.6, 1.4, 0.5, 0.95, 1.0, 1.6, 1.6, 0.75, 0.65, 1.9, 1.0, 1.4, 1.4, 1.7, 1.1, 0.9, 0.8, 1.2, 1.0, 2.2, 2.6, 0.65, 1.0, 0.6, 2.0, 0.65, 2.0, 1.2, 1.8, 2.2, 1.4, 0.75, 2.6, 1.0, 1.1, 1.9, 1.1, 1.4, 1.4, 1.1, 1.5, 1.2, 1.0, 1.0, 0.55, 0.95, 0.4, 0.65, 1.8, 0.7, 0.8, 0.45, 1.0, 1.0, 1.6, 0.9, 1.0, 2.2, 0.65, 0.35, 0.65, 1.0, 2.3, 0.9, 0.9, 1.4, 0.8, 1.0, 1.6, 2.1, 1.8, 2.0, 2.2, 2.0, 1.2, 1.4, 0.85, 0.85, 0.95, 1.8, 1.8, 0.85, 0.4, 1.4, 1.0, 1.1, 0.95, 1.7, 1.2, 1.2, 1.8, 1.2, 1.4, 2.0, 2.4, 0.75, 1.0, 0.6, 1.2, 0.7, 1.6, 1.4, 2.0, 2.2, 1.4, 1.4, 1.8, 0.65, 1.1, 1.4, 1.1, 1.6, 1.8, 1.2, 2.0, 1.2, 1.2, 0.95, 0.65, 2.0, 0.9, 0.8, 1.6, 0.8, 0.7, 0.6, 1.4, 0.75, 1.0, 1.0, 1.2, 1.6, 1.2, 0.5, 0.8, 0.85, 2.0, 0.95, 0.7, 1.4, 1.2, 1.0, 1.4, 1.3, 1.4, 1.6, 2.2, 2.0, 1.7, 1.4, 0.45, 0.8, 1.6, 1.6, 1.8, 0.75, 1.0, 1.4, 1.0, 1.4, 0.75, 2.2, 1.6, 0.95, 0.7, 1.1, 1.6, 1.8, 2.0, 0.75];[0.03424011, -0.08634348, -0.13580984, -0.12348446, -0.18033957, -0.12670316, -0.21546011, -0.53042468, -0.4315091, 0.03241535, 0.03544603, 0.02327031, -0.04304783, -0.04381772, 0.1, -0.2, -0.2, 0.2, 0.00185458, -0.23325082, -0.36955789, -0.32546823, 0.08219171, 0.06725817, 0.05584363, -0.37505769, -0.31842938, 0.04494035, 0.05573579, 0.0641885, 0.0031597, 0.00187189, 0.8, 0.3, 0.0, 0.0, 0.08893604, -0.07813163, -0.06797537, -0.20703982, 0.00757781, -0.00784457, 0.05559463, -0.40182262, -0.03767459, 0.05809818, 0.0603271, 0.07373176, 0.07447992, 0.07483363, 0.3, 0.5, -0.3, -0.3];0.20023789999982;0.17623920000005455
[2.79801138, -4.0, 0.92216449, 0.93361159, 0.9422353];False;[1.2, 0.55, 1.6, 0.6, 2.0, 0.75, 1.8, 1.8, 1.6, 0.8, 1.8, 0.95, 1.4, 1.6, 1.1, 1.8, 1.4, 1.8, 1.8, 0.95, 1.2, 0.65, 0.7, 1.4, 0.65, 0.9, 1.8, 0.6, 0.65, 0.75, 1.8, 1.0, 1.4, 1.2, 0.5, 1.6, 0.7, 0.5, 0.35, 0.85, 1.7, 0.95, 0.8, 1.4, 0.75, 0.75, 1.2, 1.4, 1.4, 1.8, 2.2, 2.2, 1.2, 1.4, 0.6, 0.85, 1.4, 1.1, 1.8, 0.35, 0.35, 1.6, 1.2, 1.1, 0.9, 1.8, 1.1, 1.4, 0.85, 1.9, 1.4, 1.8, 2.3, 0.6, 1.0, 0.55, 1.8, 0.7, 1.8, 1.2, 1.4, 1.8, 1.1, 0.7, 2.0, 0.6, 1.4, 1.4, 1.6, 1.8, 0.95, 1.9, 2.0, 0.95, 0.9, 0.65, 0.65, 2.0, 0.6, 0.95, 1.3, 0.95, 0.75, 0.45, 1.8, 1.2, 1.2, 0.85, 0.45, 2.2, 0.8, 0.4, 0.8, 0.6, 2.3, 1.6, 0.85, 1.8, 0.8, 1.6, 0.95, 1.8, 1.2, 2.1, 2.4, 2.0, 1.7, 0.95, 0.5, 0.65, 0.95, 1.6, 1.4, 1.0, 0.65, 1.9, 0.95, 1.1, 1.2, 2.3, 1.2, 1.0, 0.95, 1.9, 1.0, 2.2, 2.2, 0.8, 0.95, 0.75, 1.2, 0.7, 1.5, 0.8, 1.8, 1.8, 1.2, 1.2, 2.4, 1.0, 1.4, 1.6, 1.2, 1.8, 0.9, 1.1, 1.6, 1.0, 1.4, 0.6, 0.75, 1.8, 0.45, 0.85, 1.6, 0.85, 0.65, 1.7, 1.0, 0.8, 1.0, 0.8, 0.85, 2.0, 0.65, 0.55, 0.35, 0.8, 2.2, 1.7, 0.85, 1.8, 1.7, 1.6, 2.0, 1.4, 1.8, 1.6, 2.3, 1.7, 1.2, 0.9, 0.45, 1.0, 1.6, 1.9, 1.3, 0.6, 1.1, 1.9, 1.2, 1.6, 0.9, 2.2, 1.4, 1.2, 0.8, 1.2, 1.4, 2.0, 2.2, 0.7];[0.02529377, 0.06181115, -0.02706196, 0.09244588, 0.02893301, 0.00426672, 0.00335717, -0.50257949, -0.22981589, 0.03217493, 0.05249411, -0.01327086, -0.1618827, -0.16376506, 0.2, 0.7, 0.3, 0.0, 0.01040427, -0.3003994, -0.40754914, -0.43633546, -0.06432112, -0.03968661, -0.05012616, -0.25244682, -0.26075736, 0.03706852, 0.03684597, 0.04256976, -0.00574316, -0.00676611, 0.0, 0.2, 0.3, 0.5, 0.11396647, -0.13872666, 0.00320727, -0.17407559, -0.17548823, -0.12219816, -0.0661617, -0.66735369, -0.10038137, 0.05762714, 0.03518127, 0.06356896, 0.0772624, 0.07795045, 0.2, 0.6, -0.2, -0.4];0.05890559999988909;0.035209799999847746
[2.8959974, -3.0, 0.94102423, 0.95970589, 0.99526727];False;[0.9, 0.75, 1.8, 0.8, 1.8, 0.7, 1.4, 2.0, 1.4, 0.75, 1.7, 0.5, 1.2, 1.3, 1.2, 1.9, 2.1, 1.6, 2.3, 0.9, 1.0, 1.0, 0.55, 0.95, 0.35, 0.5, 1.9, 0.8, 0.9, 1.4, 1.0, 0.75, 1.0, 1.2, 0.65, 2.0, 0.9, 0.55, 0.9, 0.85, 1.8, 0.9, 0.8, 1.9, 1.4, 0.9, 2.0, 1.4, 1.2, 1.4, 2.2, 2.0, 1.7, 0.95, 0.8, 1.2, 1.6, 1.4, 1.4, 0.7, 0.5, 1.4, 1.0, 1.6, 0.8, 2.3, 1.7, 1.6, 0.85, 1.6, 1.0, 1.7, 2.6, 0.5, 1.4, 0.8, 1.2, 0.4, 2.0, 0.75, 1.8, 2.0, 1.2, 1.0, 2.4, 0.95, 1.2, 1.9, 1.7, 1.4, 1.0, 1.4, 2.0, 1.4, 1.4, 0.6, 0.75, 1.8, 0.8, 0.8, 1.4, 0.85, 1.0, 0.75, 1.0, 0.75, 0.95, 1.0, 0.9, 1.8, 0.7, 0.6, 0.35, 0.7, 1.8, 1.2, 0.75, 1.4, 0.95, 0.85, 2.0, 2.0, 1.2, 1.8, 2.3, 1.8, 1.7, 2.1, 0.5, 0.85, 1.6, 1.2, 1.4, 0.3, 0.85, 1.3, 1.4, 1.6, 1.4, 2.2, 1.4, 1.4, 0.95, 1.8, 0.95, 2.0, 2.4, 0.5, 1.4, 0.8, 1.4, 1.0, 2.2, 1.2, 1.3, 2.2, 1.1, 0.95, 1.8, 0.7, 1.1, 1.9, 1.2, 1.4, 1.4, 1.1, 1.5, 1.2, 1.5, 1.0, 1.0, 1.2, 0.35, 0.8, 1.4, 1.3, 1.0, 0.75, 1.0, 0.9, 1.0, 0.9, 0.65, 1.6, 0.9, 0.9, 0.7, 0.65, 1.8, 1.2, 0.95, 1.6, 0.7, 0.85, 1.4, 1.6, 1.4, 1.3, 2.3, 2.2, 1.6, 1.6, 0.5, 0.95, 1.2, 1.2, 1.6, 1.2, 0.65, 1.8, 1.4, 1.6, 0.8, 1.7, 1.4, 0.95, 1.0, 1.2, 1.4, 1.8, 2.3, 0.95];[0.0416272, 0.00806927, 0.0289838, 0.02313191, -0.17600404, -0.22738631, -0.40801004, -0.58931759, -0.41843732, 0.03890243, 0.05111746, 0.03613829, -0.02135255, -0.02209441, 0.1, 0.7, -0.4, -0.4, 0.04473945, 0.00423628, -0.10802617, -0.14539193, -0.04276961, -0.02672203, -0.04635337, -0.1493043, -0.12646941, 0.02483963, 0.04893217, 0.04996338, -0.04888407, -0.05012107, 0.7, -0.3, -0.4, 0.1, 0.09523561, 0.19745045, 0.31474675, -0.12267197, -0.16854749, -0.13129051, -0.05666697, -0.34085282, 0.03382092, 0.07033251, 0.03582325, 0.06684756, 0.13143077, 0.12985181, 0.8, 0.2, -0.5, -0.4];0.056576799999902505;0.027741699999978664
[2.97265147, -3.0, 1.01599343, 0.93575814, 1.0208999];False;[1.2, 0.45, 1.4, 0.65, 2.3, 1.8, 1.6, 2.2, 1.6, 0.75, 2.2, 0.65, 1.2, 1.4, 1.4, 1.4, 2.1, 1.4, 1.8, 1.4, 1.4, 0.75, 0.5, 0.95, 0.5, 0.7, 1.6, 1.2, 0.85, 0.9, 1.6, 0.6, 0.95, 0.8, 0.6, 2.2, 1.2, 0.65, 0.65, 1.0, 1.8, 0.95, 0.85, 1.9, 1.0, 0.75, 1.6, 2.0, 1.8, 2.0, 2.6, 1.8, 1.6, 2.0, 0.6, 0.7, 1.0, 1.9, 1.8, 1.2, 1.0, 1.6, 1.5, 1.2, 0.75, 2.3, 1.1, 1.2, 0.75, 1.8, 1.6, 2.2, 2.4, 0.95, 0.95, 0.4, 1.6, 0.85, 2.2, 0.8, 1.6, 1.8, 1.2, 0.95, 1.7, 0.7, 1.2, 1.4, 1.6, 1.6, 0.9, 1.8, 2.3, 1.4, 1.4, 0.55, 0.75, 0.95, 0.35, 0.4, 1.4, 0.85, 0.8, 1.6, 1.4, 1.0, 1.4, 0.7, 0.75, 1.5, 0.7, 0.5, 0.85, 1.0, 2.3, 1.4, 1.1, 1.4, 0.9, 0.9, 1.4, 1.4, 1.8, 2.0, 2.0, 2.2, 1.4, 0.95, 0.65, 0.7, 1.0, 1.6, 1.8, 0.95, 0.7, 1.4, 1.2, 1.2, 1.8, 2.3, 1.4, 1.4, 1.0, 1.4, 1.0, 1.8, 2.4, 0.9, 0.95, 0.3, 1.8, 0.85, 2.0, 1.8, 1.8, 2.2, 1.6, 0.9, 2.4, 0.5, 1.4, 1.8, 1.4, 1.6, 1.2, 1.8, 1.6, 1.0, 0.95, 0.6, 0.55, 1.6, 0.55, 0.95, 1.9, 0.9, 1.0, 0.85, 1.6, 0.9, 1.6, 0.8, 0.5, 1.8, 0.7, 0.75, 0.85, 0.75, 1.8, 1.0, 0.65, 1.6, 1.2, 0.95, 1.8, 1.6, 1.8, 1.4, 2.0, 2.2, 1.6, 2.1, 0.85, 0.6, 1.7, 1.2, 1.8, 0.85, 0.85, 1.6, 1.4, 1.2, 0.75, 2.2, 1.6, 1.0, 0.7, 1.2, 1.4, 2.2, 2.2, 0.85];[0.02557989, -0.0731858, -0.17536285, 0.066837, 0.0791395, 0.14302835, 0.24330884, -0.15810671, 0.01696345, 0.03895099, 0.03127536, 0.05424774, 0.07575025, 0.07520327, 0.2, 0.0, 0.0, 0.2, 0.01611454, -0.32913385, -0.44147738, -0.52089929, -0.0516881, -0.03429138, -0.04471849, -0.49342952, -0.35826925, 0.03230644, 0.02881195, 0.04288559, -0.01939736, -0.01990546, 0.2, 0.0, 0.0, 0.4, 0.12509413, 0.1820899, 0.33948474, -0.06279652, 0.11855603, 0.11104623, 0.10310925, -0.19304934, 0.22064535, 0.05728813, 0.04049363, 0.0692021, 0.08301067, 0.08238121, 0.4, 0.2, 0.2, 0.2];0.061594199999944976;0.037617700000055265
[2.99349583, -2.0, 1.00704776, 0.99011096, 0.99633711];False;[0.95, 0.4, 1.2, 0.65, 2.2, 0.55, 2.1, 1.8, 1.6, 1.4, 2.4, 0.85, 1.6, 1.8, 1.7, 1.4, 2.1, 1.2, 2.0, 1.0, 1.5, 0.8, 0.85, 1.2, 0.85, 0.45, 1.6, 0.8, 0.95, 0.9, 1.4, 0.65, 1.2, 1.0, 0.55, 2.2, 0.6, 0.65, 0.8, 0.7, 2.0, 0.95, 0.95, 1.4, 0.85, 1.0, 1.4, 2.1, 1.6, 1.6, 2.4, 1.7, 1.4, 1.4, 0.7, 1.3, 1.2, 1.6, 1.9, 0.3, 0.8, 1.8, 0.9, 1.7, 1.2, 2.2, 1.4, 0.95, 2.0, 1.4, 1.6, 2.3, 2.3, 0.75, 1.2, 0.65, 2.0, 0.75, 1.6, 0.7, 1.8, 1.8, 1.2, 0.7, 1.7, 0.95, 1.4, 1.6, 1.6, 1.4, 1.6, 1.2, 1.8, 0.95, 1.4, 0.75, 0.75, 1.6, 0.85, 0.7, 1.8, 1.0, 0.65, 0.75, 1.8, 1.3, 1.6, 0.95, 0.95, 2.2, 0.65, 0.65, 0.9, 0.6, 1.8, 0.95, 0.75, 1.9, 1.7, 1.8, 1.8, 1.6, 1.6, 2.0, 2.2, 2.2, 1.6, 0.9, 0.65, 0.65, 1.0, 1.6, 1.6, 0.85, 0.45, 1.8, 1.0, 1.4, 0.75, 2.2, 1.4, 1.6, 2.0, 1.1, 1.2, 2.3, 2.4, 0.8, 1.2, 0.35, 2.0, 0.95, 1.6, 2.1, 2.1, 2.3, 1.1, 0.9, 2.6, 1.2, 1.6, 1.9, 1.6, 1.4, 2.0, 1.9, 1.6, 0.95, 1.4, 0.9, 0.55, 1.4, 0.6, 0.95, 1.6, 0.75, 0.75, 1.6, 0.95, 0.85, 1.2, 0.9, 1.0, 2.3, 0.6, 0.45, 0.6, 0.95, 2.0, 0.95, 0.75, 1.6, 0.9, 0.95, 1.8, 1.8, 1.8, 1.3, 2.3, 2.0, 1.6, 2.1, 0.8, 0.75, 1.0, 1.8, 1.6, 0.35, 0.7, 1.6, 1.2, 1.2, 1.2, 2.3, 1.6, 1.2, 0.85, 1.4, 1.2, 1.7, 2.3, 0.5];[0.04293628, 0.2460741, 0.20389713, 0.23873641, 0.04346548, 0.07653255, 0.09069666, -0.31757149, -0.01115357, 0.04628948, 0.04533108, -0.00811589, -0.12334243, -0.12535154, 0.2, -0.3, -0.1, 0.0, 0.08318483, -0.17045951, -0.2366792, -0.24223015, 0.1024267, 0.07672199, 0.04472328, -0.30697264, -0.2376481, 0.0415104, 0.0443897, 0.03788459, -0.00747095, -0.00884192, 0.2, -0.2, 0.0, 0.2, 0.11055567, 0.16386365, 0.30202733, 0.00873054, -0.08320533, -0.08798521, -0.05235883, -0.37199502, 0.0338608, 0.05046008, 0.05563061, 0.07721288, 0.03128461, 0.03109065, 0.3, -0.2, 0.4, 0.4];0.050210599999900296;0.03320090000011078
[3.0033169, -5.0, 1.00746812, 0.99522727, 1.00062151];False;[1.4, 0.95, 1.1, 0.85, 2.2, 0.9, 1.6, 1.8, 1.4, 1.0, 2.0, 0.85, 1.2, 1.8, 1.2, 1.6, 1.6, 1.9, 1.6, 1.4, 0.95, 0.75, 0.65, 0.95, 0.4, 0.55, 1.6, 0.95, 1.0, 0.6, 1.2, 0.8, 1.6, 0.95, 1.2, 1.5, 0.95, 0.65, 0.85, 0.65, 2.0, 1.6, 0.7, 1.3, 1.2, 1.6, 1.0, 1.6, 1.2, 2.1, 2.3, 2.2, 1.6, 1.6, 0.65, 0.75, 1.2, 1.2, 1.8, 0.9, 0.9, 1.9, 1.2, 1.2, 0.75, 1.7, 1.4, 1.7, 1.2, 1.8, 1.2, 2.2, 2.0, 0.9, 1.4, 0.85, 1.8, 0.4, 2.3, 0.7, 1.4, 2.0, 1.6, 0.8, 1.8, 0.95, 1.4, 1.6, 1.7, 1.4, 1.6, 1.4, 1.8, 0.95, 1.5, 0.7, 0.9, 1.2, 0.8, 0.45, 1.8, 0.7, 0.9, 1.6, 1.2, 0.7, 1.4, 0.85, 0.65, 2.2, 1.0, 0.65, 0.8, 0.7, 2.2, 1.6, 0.9, 1.4, 1.2, 1.0, 1.2, 1.4, 1.2, 1.6, 2.2, 1.7, 1.6, 0.95, 0.4, 0.75, 0.95, 1.6, 1.8, 0.55, 0.9, 1.8, 1.0, 1.4, 1.6, 2.2, 1.6, 1.2, 0.7, 1.8, 1.7, 2.3, 2.2, 0.85, 0.9, 0.95, 1.2, 0.4, 2.0, 2.0, 2.1, 2.0, 1.2, 0.85, 1.7, 0.75, 1.4, 1.8, 1.6, 1.6, 0.95, 1.6, 1.8, 1.4, 1.0, 1.0, 0.55, 1.8, 0.75, 0.5, 1.8, 0.8, 0.75, 0.65, 1.2, 0.65, 1.0, 0.7, 1.8, 1.8, 0.9, 0.65, 0.45, 0.6, 2.2, 1.6, 0.8, 1.9, 0.75, 0.9, 1.2, 1.8, 1.8, 1.4, 2.4, 2.0, 1.4, 2.0, 0.8, 0.9, 1.7, 1.2, 1.8, 0.9, 0.95, 1.4, 1.2, 1.7, 0.85, 1.8, 1.1, 0.9, 0.95, 1.2, 1.2, 2.2, 2.3, 0.55];[0.04332539, 0.12086488, 0.0284177, 0.08867799, -0.05176852, -0.01085891, -0.02968353, -0.1831192, -0.00050868, 0.04774007, 0.05374119, 0.04943591, 0.02694876, 0.02566452, 0.6, 0.4, 0.0, 0.0, 0.05896608, -0.19510859, -0.22838442, -0.21235172, 0.14161098, 0.12412668, 0.10866159, -0.58329485, -0.30932424, 0.03687567, 0.0486756, 0.03636983, -0.02125044, -0.02159564, 0.2, -0.3, 0.0, 0.3, 0.11653023, 0.21371623, 0.25915885, -0.11302156, -0.02259581, 0.01545273, 0.01205791, -0.49781945, 0.05686819, 0.07282487, 0.05675566, 0.08280999, 0.11644401, 0.11642972, 0.4, 0.0, -0.3, -0.1];0.05204720000006091;0.029982900000049995
[2.93714829, -9.0, 0.94635792, 0.96841545, 1.02237492];False;[1.2, 0.65, 1.4, 0.9, 2.0, 0.6, 1.8, 2.2, 1.4, 1.2, 2.2, 1.0, 1.2, 1.6, 1.4, 1.8, 1.8, 1.2, 1.8, 1.2, 0.9, 0.85, 0.9, 2.0, 0.45, 0.55, 1.8, 1.3, 0.9, 0.55, 1.8, 1.2, 1.2, 0.7, 0.75, 1.5, 0.65, 0.45, 0.35, 0.75, 2.0, 1.0, 1.0, 1.8, 1.0, 0.9, 1.6, 1.6, 1.4, 2.0, 2.0, 2.2, 1.2, 1.2, 0.4, 0.65, 1.0, 1.9, 1.4, 0.45, 0.5, 1.6, 0.95, 1.6, 0.7, 2.0, 1.1, 1.0, 1.0, 1.1, 1.4, 2.3, 2.4, 0.6, 1.2, 0.85, 1.1, 0.65, 2.2, 0.85, 2.0, 2.0, 1.4, 0.75, 1.8, 0.7, 1.2, 1.4, 1.2, 1.9, 1.2, 1.4, 2.2, 1.4, 0.9, 0.5, 0.8, 1.0, 0.4, 0.5, 1.8, 1.0, 1.0, 1.0, 0.95, 1.0, 1.6, 0.75, 1.8, 1.6, 0.85, 0.45, 0.85, 1.0, 2.2, 1.6, 0.95, 1.8, 1.6, 2.1, 1.0, 1.3, 1.4, 2.1, 2.2, 2.0, 1.6, 1.8, 0.3, 0.8, 1.4, 1.8, 1.8, 0.9, 0.3, 1.8, 1.0, 1.4, 0.85, 2.0, 1.1, 1.0, 0.75, 1.2, 1.4, 1.8, 2.4, 0.6, 1.4, 0.9, 1.8, 0.65, 2.0, 1.8, 1.4, 2.0, 1.4, 0.95, 2.6, 1.0, 1.2, 1.9, 1.4, 1.3, 0.9, 1.2, 2.3, 1.2, 0.9, 0.7, 0.9, 1.6, 0.75, 0.8, 1.8, 0.9, 0.8, 0.7, 1.0, 0.6, 0.9, 0.8, 1.4, 2.2, 0.85, 0.5, 0.4, 1.2, 1.8, 1.0, 0.8, 1.8, 1.0, 1.8, 1.2, 1.4, 1.2, 1.6, 2.4, 1.8, 1.6, 1.4, 0.5, 0.65, 1.4, 1.1, 1.9, 1.2, 0.55, 1.4, 1.4, 1.4, 0.8, 2.2, 1.1, 1.2, 2.0, 1.6, 1.4, 2.0, 2.3, 0.6];[0.0378511, 0.05845701, 0.07459974, 0.03502084, -0.08828007, -0.04891185, -0.12565211, -0.4302545, -0.20718997, 0.03913961, 0.05471523, -0.00079774, -0.11588062, -0.11765862, 0.4, 0.4, -0.4, -0.2, 0.07042556, -0.26347641, -0.29228485, -0.37686694, 0.09587777, 0.06466933, 0.04332359, -0.46595052, -0.30900378, 0.035315, 0.05654156, 0.04866009, 0.00204209, 0.00063558, 0.2, 0.7, -0.2, -0.2, 0.07847455, 0.26356364, 0.3069621, -0.02180935, 0.03662685, 0.0353608, 0.05793741, -0.49907499, -0.13727858, 0.08538211, 0.06069322, 0.08922139, 0.15768138, 0.15579935, 0.7, -0.1, -0.2, 0.0];0.055299399999967136;0.03326080000010734
[2.93606632, -1.0, 0.96168818, 0.97049252, 1.00388562];False;[0.9, 0.85, 2.0, 0.35, 2.2, 0.9, 2.0, 1.7, 1.2, 1.5, 2.6, 0.55, 1.4, 1.8, 1.2, 1.8, 1.8, 1.6, 2.0, 1.2, 1.0, 1.1, 0.8, 1.2, 0.55, 0.7, 1.8, 1.2, 0.7, 0.45, 1.2, 0.95, 0.95, 0.8, 0.75, 2.2, 0.7, 0.7, 0.3, 0.9, 2.2, 1.0, 1.1, 1.6, 1.0, 0.7, 2.0, 2.1, 1.8, 2.1, 2.2, 2.0, 1.1, 1.2, 0.45, 0.6, 1.0, 1.8, 1.6, 0.5, 0.6, 1.8, 1.4, 1.2, 1.0, 2.2, 1.4, 1.2, 1.8, 1.8, 0.9, 2.0, 2.0, 0.85, 1.4, 0.4, 1.6, 0.45, 1.8, 0.9, 1.4, 2.0, 1.2, 0.8, 2.3, 0.55, 1.4, 1.6, 1.2, 1.8, 1.8, 1.6, 1.6, 0.9, 0.95, 0.9, 0.65, 1.8, 0.4, 0.95, 1.6, 0.75, 1.2, 0.65, 0.95, 0.65, 1.2, 1.0, 1.6, 1.6, 0.85, 0.75, 0.8, 1.0, 2.3, 1.4, 0.7, 1.6, 0.7, 2.0, 1.2, 1.6, 1.8, 1.4, 2.3, 2.0, 1.6, 1.8, 0.45, 0.8, 1.2, 1.4, 1.8, 0.65, 1.0, 1.9, 1.0, 1.6, 1.2, 2.2, 1.6, 1.4, 0.85, 1.4, 1.0, 2.2, 2.0, 0.7, 1.2, 0.35, 2.1, 0.9, 1.8, 0.8, 1.4, 2.3, 1.7, 1.4, 2.4, 0.9, 1.7, 1.9, 1.6, 1.9, 1.0, 1.6, 1.8, 0.9, 0.95, 0.5, 0.85, 0.9, 0.3, 0.9, 1.6, 0.9, 0.85, 0.4, 0.95, 0.85, 1.0, 0.75, 1.2, 2.0, 1.0, 0.85, 0.75, 0.9, 2.0, 1.2, 0.6, 1.4, 1.0, 0.75, 2.0, 2.1, 1.6, 2.1, 2.2, 2.2, 1.6, 1.6, 0.75, 0.7, 1.4, 1.8, 1.6, 0.3, 0.55, 1.4, 1.0, 1.1, 1.2, 2.0, 1.6, 1.2, 1.2, 1.8, 1.0, 2.0, 2.2, 1.2];[0.00996162, 0.03876843, 0.00502567, 0.18395596, -0.19067692, -0.16684437, -0.28899828, -0.35757167, -0.09147946, 0.04181154, 0.05030023, 0.01868311, -0.08032569, -0.08149223, 0.4, 0.6, 0.2, 0.0, 0.07132684, -0.12202043, -0.13339706, -0.17000218, 0.01560212, 0.02494437, 0.01884912, -0.35496204, -0.04002955, 0.0293175, 0.03574503, 0.04187462, -0.03903643, -0.03950904, 0.2, 0.6, -0.2, -0.4, 0.10757138, 0.01700543, 0.18196441, 0.08612294, 0.08073147, 0.05536359, 0.02377291, 0.02259781, 0.25352131, 0.05745047, 0.0880004, 0.09143384, 0.01052998, 0.01018896, 0.2, 0.3, 0.6, 0.5];0.06576719999998204;0.03703619999987495
[2.856949, -4.0, 0.9330526, 0.95945866, 0.96443774];False;[0.95, 0.65, 1.4, 0.75, 1.5, 1.2, 1.3, 1.8, 1.4, 0.8, 2.6, 0.7, 1.6, 1.6, 1.6, 1.8, 1.2, 1.1, 1.6, 1.2, 1.4, 0.65, 0.85, 1.8, 0.5, 0.4, 1.6, 0.85, 0.75, 1.0, 1.8, 1.3, 1.2, 0.95, 0.6, 1.8, 0.95, 0.35, 0.6, 0.7, 1.8, 0.95, 0.9, 1.8, 0.85, 2.0, 0.95, 1.4, 1.6, 1.4, 2.2, 1.8, 1.6, 1.0, 0.85, 1.2, 1.6, 1.6, 1.6, 0.85, 0.55, 1.6, 1.4, 1.1, 0.85, 1.8, 1.1, 1.0, 1.6, 1.2, 1.4, 2.2, 2.3, 0.9, 0.9, 0.75, 1.8, 0.55, 1.6, 1.6, 1.8, 1.7, 1.6, 0.75, 2.4, 0.95, 1.7, 1.3, 1.2, 1.6, 2.0, 1.6, 2.3, 1.5, 1.2, 0.9, 0.85, 1.8, 0.35, 0.6, 1.6, 1.3, 0.75, 1.7, 1.2, 0.8, 0.95, 0.95, 0.95, 1.8, 0.85, 0.75, 0.85, 0.7, 2.2, 1.2, 0.9, 1.3, 0.95, 0.85, 0.9, 1.4, 1.6, 1.3, 2.3, 2.2, 1.2, 1.0, 0.9, 0.65, 1.6, 1.8, 1.4, 0.65, 1.0, 1.4, 0.9, 1.6, 1.0, 1.7, 1.2, 0.9, 0.8, 1.4, 1.2, 2.2, 2.2, 1.2, 0.95, 0.35, 1.2, 0.4, 2.2, 1.0, 2.1, 2.2, 1.7, 1.0, 2.0, 1.0, 1.1, 1.6, 1.7, 1.8, 0.95, 1.2, 2.0, 1.0, 1.4, 0.8, 0.75, 2.1, 0.3, 0.9, 1.4, 0.9, 0.8, 0.6, 1.6, 0.7, 1.2, 0.95, 0.45, 1.8, 0.8, 0.55, 0.55, 0.85, 2.0, 1.4, 0.85, 1.8, 0.95, 1.2, 1.0, 2.0, 1.6, 2.0, 2.2, 2.2, 1.4, 1.6, 0.55, 0.75, 1.2, 1.1, 1.4, 0.7, 1.0, 1.4, 1.2, 1.4, 0.75, 1.7, 1.2, 1.4, 1.4, 1.1, 1.2, 1.8, 2.2, 1.3];[0.03888852, 0.07245427, -0.0354144, 0.17749805, -0.00301215, 0.00254258, -0.05321813, -0.55878303, -0.42687821, 0.03218059, 0.04177631, 0.0273903, -0.03588347, -0.0371425, 0.0, 0.2, 0.5, 0.5, 0.05469199, -0.19495726, -0.26271784, -0.37640631, 0.01625592, 0.01984312, -0.00791629, -0.41806283, -0.32346301, 0.03717053, 0.04955995, 0.05004263, -0.02120362, -0.02171854, -0.4, 0.4, 0.1, -0.4, 0.09027059, 0.10387262, 0.25716686, -0.16258278, -0.05567439, -0.0502805, -0.03985093, -0.24977257, 0.24883566, 0.05360484, 0.06555328, 0.07201246, 0.04755899, 0.04774598, 0.5, 0.1, -0.3, 0.3];0.04986989999997604;0.02896910000004027
[2.90327076, -3.0, 0.9348311, 0.94401199, 1.02442767];False;[1.0, 0.4, 1.2, 0.95, 2.0, 0.9, 1.4, 2.3, 1.4, 1.0, 1.8, 0.95, 1.1, 1.4, 1.2, 1.6, 1.6, 1.2, 2.2, 1.4, 1.4, 0.9, 0.75, 1.8, 0.35, 0.55, 1.8, 1.3, 0.6, 0.9, 1.6, 1.2, 0.95, 0.75, 1.2, 2.0, 0.65, 0.5, 0.75, 0.8, 2.0, 1.2, 0.55, 1.3, 0.85, 0.75, 0.9, 1.3, 1.2, 1.6, 2.0, 2.3, 1.4, 1.8, 0.65, 1.0, 1.2, 1.4, 1.3, 1.2, 0.55, 1.4, 0.95, 1.4, 1.8, 1.8, 1.6, 1.0, 0.9, 1.8, 0.95, 2.2, 2.4, 0.55, 1.2, 0.45, 1.2, 0.85, 1.5, 0.85, 1.3, 2.0, 1.2, 0.95, 2.0, 0.5, 1.7, 1.4, 1.6, 1.4, 1.0, 1.6, 2.2, 1.4, 1.2, 0.7, 0.85, 1.2, 0.7, 0.6, 1.8, 0.8, 0.75, 0.95, 1.9, 0.9, 1.0, 0.9, 0.55, 1.6, 0.85, 0.35, 0.5, 0.9, 1.7, 1.0, 0.85, 1.6, 1.2, 1.8, 2.1, 1.6, 1.8, 1.8, 2.3, 1.8, 1.7, 2.0, 0.65, 0.75, 1.2, 1.2, 1.8, 0.4, 0.35, 1.4, 1.5, 1.6, 0.8, 1.8, 1.6, 1.0, 1.6, 1.9, 0.95, 2.0, 2.3, 1.2, 1.0, 0.55, 2.0, 0.5, 1.8, 0.9, 1.8, 2.3, 1.7, 0.95, 2.0, 0.9, 1.4, 1.8, 1.2, 1.6, 1.8, 1.2, 2.2, 0.9, 1.5, 0.6, 0.7, 2.1, 0.5, 0.9, 1.9, 0.65, 0.85, 0.55, 1.8, 0.75, 1.6, 0.85, 0.55, 2.0, 0.95, 0.8, 0.4, 0.65, 1.7, 1.0, 0.75, 1.3, 1.4, 1.0, 1.6, 2.0, 1.6, 1.8, 2.0, 2.0, 1.1, 1.4, 0.85, 0.65, 1.6, 1.2, 1.9, 0.6, 0.6, 1.4, 1.4, 1.4, 1.4, 2.3, 1.6, 1.6, 0.9, 1.4, 1.2, 2.3, 2.2, 0.6];[0.02587395, -0.19463462, -0.20881289, -0.11481131, -0.1117919, -0.09887074, -0.22544411, -0.31753736, -0.15111072, 0.03303999, 0.05639904, 0.04924006, 0.04394137, 0.04411346, 0.3, 0.4, -0.3, -0.2, 0.12631874, -0.14445904, -0.33140648, -0.08287098, 0.04904463, 0.04341528, 0.03787188, -0.07955023, 0.00888621, 0.00529429, 0.0391107, 0.02235223, -0.08714216, -0.08950537, -0.3, -0.2, 0.1, 0.0, 0.09235987, 0.16527195, 0.31384475, 0.12551495, 0.1737989, 0.15508059, 0.09647366, -0.47124106, -0.01548866, 0.05661713, 0.05534649, 0.07235225, 0.03519123, 0.03496549, 0.4, 0.4, 0.0, -0.2];0.04739960000006249;0.029784600000084538
[2.92875902, -3.0, 0.96749348, 0.97451488, 0.98675065];False;[0.9, 0.7, 1.4, 0.65, 2.0, 0.85, 1.4, 2.2, 1.6, 1.4, 2.0, 1.2, 1.2, 1.4, 1.4, 1.4, 2.0, 1.8, 2.3, 0.9, 1.2, 0.95, 1.0, 1.6, 0.3, 0.6, 1.6, 0.6, 0.8, 0.5, 0.95, 1.3, 1.4, 0.7, 1.6, 1.6, 0.7, 0.35, 0.5, 0.75, 2.0, 1.0, 0.75, 1.9, 1.7, 2.1, 0.9, 2.0, 1.6, 1.3, 2.4, 2.0, 1.4, 2.0, 0.3, 0.85, 1.4, 1.9, 1.4, 1.0, 0.75, 1.6, 1.4, 1.2, 1.2, 1.8, 1.4, 1.7, 0.75, 1.1, 1.4, 1.8, 2.4, 0.7, 1.5, 0.75, 2.1, 0.95, 2.3, 1.8, 1.8, 1.8, 1.2, 1.0, 2.4, 1.2, 1.7, 1.4, 1.7, 1.6, 1.6, 1.6, 2.3, 1.4, 1.4, 0.9, 0.75, 0.9, 0.5, 0.95, 1.4, 0.95, 0.85, 1.0, 1.2, 0.75, 1.2, 0.75, 0.9, 2.3, 0.75, 0.55, 0.4, 0.8, 2.0, 1.4, 1.0, 1.4, 0.95, 1.6, 0.9, 2.0, 1.4, 1.6, 2.6, 2.0, 1.1, 1.0, 0.45, 1.2, 1.2, 1.4, 1.3, 0.35, 0.95, 1.8, 1.4, 1.2, 1.8, 1.8, 1.6, 1.6, 0.75, 1.8, 0.9, 2.0, 2.2, 1.0, 0.95, 0.45, 2.0, 0.75, 1.8, 0.9, 2.0, 1.8, 1.4, 0.7, 2.2, 1.2, 1.2, 1.6, 1.4, 1.8, 1.8, 1.2, 1.5, 1.2, 1.4, 1.0, 1.0, 1.6, 0.4, 0.75, 1.4, 1.2, 0.7, 0.8, 0.95, 1.3, 1.6, 1.2, 0.4, 1.5, 0.95, 0.8, 0.5, 0.6, 2.2, 1.0, 0.9, 1.8, 0.95, 1.8, 1.0, 1.3, 1.2, 1.8, 2.6, 2.0, 1.4, 1.0, 0.7, 0.8, 1.2, 1.4, 1.9, 0.4, 0.5, 1.9, 1.2, 1.2, 1.6, 2.0, 1.7, 1.0, 1.8, 1.9, 0.9, 2.0, 2.0, 0.6];[0.0218751, -0.0372078, -0.02336161, 0.00272274, -0.04878934, -0.07820485, -0.16287687, -0.39430255, -0.08128996, 0.03826857, 0.0413411, 0.04275491, 0.01553206, 0.01476418, 0.2, 0.0, 0.0, 0.2, 0.03660076, -0.23312858, -0.38005158, -0.47145458, -0.07840499, -0.05336197, -0.06835686, -0.20353889, -0.27416721, 0.02959362, 0.05283054, 0.03913772, -0.01289481, -0.01347371, -0.3, -0.1, 0.5, 0.5, 0.06437881, 0.02586931, 0.06559631, -0.144874, 0.06468018, 0.0341918, 0.00280268, -0.49884437, -0.21007242, 0.0466873, 0.03890679, 0.06609667, -0.01575528, -0.01625567, 0.4, 0.4, 0.0, 0.2];0.05204079999998612;0.03374589999998534
[2.92345526, -3.0, 0.96343912, 0.95560261, 1.00441352];False;[1.0, 0.95, 1.1, 0.4, 2.0, 1.2, 2.1, 1.7, 1.2, 0.85, 2.4, 0.7, 1.4, 1.9, 1.1, 1.4, 2.0, 1.8, 1.8, 1.0, 0.95, 0.75, 0.95, 1.0, 0.65, 0.8, 1.3, 0.75, 0.65, 0.65, 1.9, 0.7, 1.2, 1.0, 0.6, 1.6, 0.7, 0.5, 0.8, 0.95, 1.7, 1.6, 0.6, 1.8, 1.2, 1.0, 0.95, 1.4, 1.8, 2.1, 2.2, 1.7, 1.6, 1.6, 0.35, 0.7, 1.6, 1.4, 1.4, 0.85, 0.85, 1.8, 0.95, 1.1, 1.6, 2.0, 1.7, 1.6, 0.95, 1.4, 1.7, 2.2, 2.3, 0.75, 0.95, 0.95, 2.0, 0.65, 1.5, 0.9, 1.4, 1.7, 1.1, 0.8, 2.2, 0.9, 1.7, 1.8, 1.4, 1.6, 1.4, 1.8, 1.6, 0.95, 0.95, 0.95, 0.8, 1.6, 0.45, 0.7, 1.3, 0.7, 0.95, 1.4, 1.8, 0.85, 1.6, 0.7, 1.4, 1.6, 0.95, 0.7, 0.6, 0.85, 2.3, 0.95, 0.95, 1.6, 0.95, 2.0, 1.4, 1.3, 1.4, 1.3, 2.3, 2.0, 1.1, 2.0, 0.6, 1.2, 1.6, 1.1, 1.6, 0.7, 0.85, 1.6, 0.95, 1.1, 1.6, 1.8, 1.7, 1.2, 1.6, 1.6, 1.0, 1.7, 2.2, 0.85, 0.95, 0.85, 1.8, 0.8, 2.0, 1.4, 1.4, 2.0, 1.1, 0.85, 1.7, 0.6, 1.7, 1.6, 1.6, 1.8, 1.6, 1.6, 1.5, 0.95, 0.95, 0.7, 1.0, 1.4, 0.4, 0.5, 1.6, 1.2, 0.8, 1.2, 1.8, 1.3, 0.95, 1.2, 0.95, 2.2, 0.7, 0.65, 0.75, 0.9, 1.8, 1.4, 0.8, 1.4, 0.95, 0.7, 1.0, 1.8, 1.2, 1.6, 2.2, 1.8, 1.2, 2.0, 0.35, 0.8, 1.7, 1.2, 1.6, 1.0, 0.7, 1.8, 0.95, 1.2, 0.95, 2.2, 1.6, 1.4, 0.95, 1.4, 1.6, 2.2, 2.3, 0.55];[0.03776873, -0.05183665, -0.09358195, -0.00305201, -0.23279434, -0.17010195, -0.2861728, -0.36857842, -0.16026322, 0.04120995, 0.0543224, 0.03610165, -0.00181239, -0.00317803, 0.5, 0.3, 0.3, 0.0, 0.01992685, -0.15192656, -0.28804496, -0.2011604, -0.07645411, -0.05414185, -0.05342746, -0.27054417, -0.15391899, 0.04452744, 0.05858162, 0.06227251, 0.02268912, 0.02253146, 0.1, 0.2, 0.6, 0.3, 0.12661149, 0.08705607, 0.19701579, -0.09730762, -0.03625918, 0.01869516, 0.05195264, -0.39185772, -0.0055638, 0.07738152, 0.04860786, 0.07597646, 0.14816765, 0.14756048, -0.1, 0.2, 0.5, 0.4];0.06299399999988964;0.039490399999976944
[2.95802865, -0.0, 0.96789833, 0.95550158, 1.03462874];False;[1.0, 0.75, 1.8, 0.6, 2.3, 0.55, 1.4, 2.0, 1.2, 0.75, 1.8, 0.9, 1.1, 1.4, 1.4, 1.3, 1.6, 1.2, 2.2, 1.0, 1.4, 0.65, 0.65, 2.1, 0.7, 0.8, 1.9, 0.8, 0.75, 0.55, 1.8, 0.8, 1.2, 0.8, 1.0, 1.5, 1.2, 0.55, 0.5, 0.9, 2.0, 0.95, 0.9, 1.6, 0.95, 0.8, 1.4, 2.0, 1.4, 1.8, 2.3, 2.2, 1.2, 0.9, 0.4, 0.9, 1.4, 1.2, 1.8, 0.9, 1.0, 1.9, 1.5, 1.4, 2.0, 2.3, 1.7, 1.6, 0.85, 1.6, 0.95, 2.0, 2.4, 0.7, 1.4, 0.35, 1.4, 0.7, 1.6, 1.6, 1.6, 2.2, 1.6, 0.8, 2.3, 0.85, 1.6, 1.6, 1.1, 1.4, 0.95, 1.9, 1.5, 1.0, 0.95, 0.75, 0.55, 2.0, 0.65, 0.8, 1.8, 1.2, 0.6, 0.65, 1.9, 0.8, 1.0, 1.2, 1.2, 2.3, 0.95, 0.9, 0.3, 0.75, 2.2, 1.2, 1.0, 1.8, 0.9, 0.8, 2.1, 1.8, 1.6, 1.4, 2.2, 2.0, 1.2, 1.4, 0.8, 0.65, 1.0, 1.9, 1.6, 0.75, 0.8, 1.4, 1.4, 1.6, 1.2, 2.2, 1.2, 0.95, 1.4, 1.2, 1.6, 1.8, 2.6, 1.3, 1.2, 0.85, 1.4, 0.95, 1.8, 1.2, 1.6, 1.8, 1.7, 1.0, 2.2, 0.95, 1.1, 1.3, 1.2, 1.4, 0.95, 1.4, 1.6, 0.95, 1.4, 0.85, 0.65, 1.0, 0.5, 0.6, 1.3, 0.8, 1.0, 1.4, 1.8, 0.9, 1.2, 1.2, 0.9, 2.0, 0.95, 0.75, 0.7, 0.9, 2.3, 0.95, 0.85, 1.3, 1.0, 1.6, 1.6, 1.8, 1.6, 2.0, 2.2, 1.8, 1.6, 2.0, 0.65, 0.95, 1.0, 1.9, 1.4, 0.85, 0.6, 1.3, 1.4, 1.6, 0.95, 2.0, 1.7, 1.0, 1.0, 1.1, 1.0, 2.3, 2.6, 0.65];[0.05093836, -0.0325977, -0.07242204, -0.03704783, -0.17059982, -0.1491036, -0.24544254, -0.42282382, -0.22900412, 0.02286303, 0.01636534, 0.04309517, 0.00801516, 0.00655664, 0.3, -0.1, -0.3, 0.0, 0.07643283, -0.18517416, -0.31868468, -0.14608219, 0.00989448, 0.01869847, 0.01957747, -0.38664194, -0.21372477, 0.02790575, 0.03069055, 0.02809086, -2.557e-05, -0.00108653, 0.0, 0.3, 0.0, -0.5, 0.10757658, 0.01467396, 0.12625121, 0.05007745, 0.05804521, 0.07184215, 0.00238586, -0.02726811, 0.13295552, 0.06586148, 0.05292228, 0.05648813, 0.1109788, 0.11012122, 0.2, 0.2, -0.5, -0.4];0.06364840000014738;0.03766640000003463
[2.83107048, -4.0, 0.93073778, 0.8929238, 1.0074089];False;[1.2, 0.8, 2.0, 1.0, 2.3, 0.75, 1.4, 2.3, 1.2, 0.7, 1.7, 0.85, 1.1, 1.6, 1.6, 1.8, 1.0, 1.4, 1.8, 1.5, 1.0, 0.6, 0.65, 1.0, 0.55, 0.95, 1.3, 0.7, 0.85, 0.7, 1.0, 0.8, 0.9, 0.9, 1.8, 2.0, 0.65, 0.55, 0.6, 0.6, 1.8, 1.2, 0.6, 1.4, 0.85, 1.2, 2.1, 1.6, 1.1, 1.6, 2.6, 2.0, 1.2, 1.0, 0.5, 0.7, 1.4, 1.4, 1.3, 1.2, 0.6, 1.8, 0.95, 1.2, 1.2, 2.0, 1.2, 0.95, 2.1, 1.6, 1.7, 1.7, 2.4, 0.6, 1.0, 0.7, 1.8, 0.5, 2.2, 0.95, 1.4, 2.0, 1.4, 0.75, 1.8, 0.75, 1.4, 1.3, 1.2, 1.3, 2.0, 1.4, 2.2, 1.0, 1.0, 1.0, 0.5, 1.2, 0.45, 0.5, 1.8, 1.2, 0.6, 0.8, 1.2, 0.65, 1.0, 0.95, 0.85, 1.5, 0.85, 0.45, 0.7, 0.95, 1.7, 1.6, 0.9, 1.3, 0.75, 0.85, 1.2, 1.6, 1.1, 1.6, 2.3, 2.3, 1.2, 1.0, 0.45, 0.7, 1.4, 1.2, 1.3, 1.0, 0.35, 1.6, 0.9, 1.4, 0.75, 2.0, 1.2, 1.0, 0.75, 1.8, 0.95, 1.8, 2.3, 0.85, 1.2, 0.75, 1.4, 0.85, 2.0, 0.95, 1.3, 1.7, 1.6, 0.85, 2.0, 0.8, 1.2, 1.6, 1.6, 1.9, 1.0, 1.6, 2.0, 0.9, 1.4, 0.75, 0.95, 2.1, 0.6, 0.9, 1.6, 1.3, 0.85, 0.9, 1.0, 0.95, 0.95, 0.9, 0.9, 2.2, 0.7, 0.5, 0.45, 0.8, 1.7, 1.2, 0.8, 1.4, 0.75, 0.9, 2.1, 1.6, 1.8, 2.0, 2.0, 2.2, 1.4, 2.0, 0.6, 0.75, 0.9, 1.8, 1.9, 0.65, 0.45, 1.6, 0.9, 1.2, 1.4, 2.2, 1.2, 0.95, 0.75, 1.2, 1.0, 2.0, 2.2, 0.7];[0.0359334, -0.04298705, -0.12997135, 0.0965009, -0.36878857, -0.37261163, -0.55037311, -0.43146328, -0.28466677, 0.02685946, 0.05429024, 0.06141951, 0.07991443, 0.07986297, 0.5, 0.2, -0.1, 0.4, 0.0550192, -0.28920132, -0.37252211, -0.58488221, -0.14108728, -0.09995985, -0.10035248, -0.41119016, -0.41616004, 0.03443605, 0.04656232, 0.03786251, -0.00190549, -0.00290974, -0.1, 0.1, 0.0, -0.2, 0.09923349, 0.15952853, 0.25390517, 0.00956723, 0.11676981, 0.08624014, 0.0424248, -0.0766758, 0.29278006, 0.06526302, 0.06142755, 0.08871618, 0.05261584, 0.05137946, 0.4, 0.3, 0.0, 0.4];0.05256299999996372;0.03485999999998057
[2.94500699, -1.0, 1.00457951, 0.9546583, 0.98576917];False;[1.4, 0.85, 2.1, 0.85, 2.2, 0.65, 2.0, 1.8, 1.7, 0.9, 2.6, 1.0, 1.2, 1.6, 1.4, 1.4, 0.9, 1.2, 2.0, 1.2, 1.0, 0.6, 0.75, 2.0, 0.9, 0.8, 1.9, 0.7, 0.65, 0.55, 0.9, 0.95, 1.6, 0.9, 1.4, 1.6, 0.8, 0.9, 0.7, 0.65, 2.3, 1.2, 0.85, 1.9, 0.85, 0.9, 1.6, 1.8, 1.1, 2.0, 2.0, 2.2, 1.4, 1.4, 0.9, 0.9, 1.2, 1.8, 1.3, 0.8, 0.45, 1.8, 1.4, 1.6, 0.95, 2.0, 1.2, 1.7, 1.6, 1.4, 1.2, 1.7, 2.3, 0.65, 1.0, 0.95, 1.2, 0.35, 1.6, 0.85, 1.6, 2.0, 1.2, 0.85, 2.6, 0.75, 1.6, 1.6, 1.6, 1.9, 2.1, 1.2, 2.0, 1.2, 1.2, 1.0, 0.85, 2.0, 0.35, 0.7, 1.4, 0.65, 1.0, 0.4, 1.6, 0.85, 1.2, 0.85, 0.4, 1.8, 1.2, 0.3, 0.7, 0.9, 1.8, 1.4, 0.7, 1.9, 1.7, 0.7, 2.0, 1.3, 1.4, 2.0, 2.3, 2.3, 1.2, 2.0, 0.4, 0.8, 1.4, 1.4, 1.3, 0.6, 0.35, 1.4, 0.95, 1.6, 1.6, 2.0, 1.4, 0.95, 0.9, 1.8, 1.4, 1.8, 2.3, 0.95, 1.4, 0.4, 1.4, 0.8, 2.2, 0.75, 1.4, 1.8, 1.4, 1.5, 2.6, 0.85, 1.2, 1.4, 1.4, 1.6, 1.4, 1.9, 1.8, 0.95, 1.2, 0.85, 0.85, 1.0, 0.8, 0.75, 1.6, 0.95, 1.0, 0.5, 0.95, 0.6, 1.4, 1.0, 1.6, 2.2, 0.75, 0.4, 0.5, 0.7, 1.7, 1.0, 0.95, 1.8, 1.4, 1.8, 0.95, 1.4, 1.4, 1.8, 2.3, 2.0, 1.2, 0.95, 0.9, 1.3, 1.0, 1.8, 1.6, 0.5, 0.85, 1.8, 0.95, 1.1, 0.85, 1.8, 1.2, 0.95, 0.8, 1.4, 1.6, 1.8, 2.4, 0.85];[0.05527259, 0.08648051, 0.0059434, 0.08697919, -0.00836557, -0.08079927, -0.20946445, -0.23621838, -0.08129771, 0.03887929, 0.03182446, 0.04273033, 0.00192109, 0.00156087, 0.4, 0.0, -0.4, -0.2, 0.03314179, -0.13333828, -0.18689843, -0.21648274, -0.04654433, -0.03124425, -0.01476736, -0.30788454, -0.26447121, 0.03341132, 0.05739519, 0.0585382, -0.0297491, -0.03168192, 0.0, 0.3, 0.0, 0.0, 0.08362163, 0.0950678, 0.20546143, 0.02415733, -0.01879693, -0.02129443, 0.05190983, -0.39213293, -0.07895963, 0.04415703, 0.06227507, 0.06540201, 0.01864884, 0.01876484, 0.2, 0.2, 0.1, 0.3];0.05837459999997918;0.03377720000003137
[2.92038915, -5.0, 0.94895569, 0.96558832, 1.00584514];False;[1.2, 0.55, 1.6, 0.55, 1.8, 0.6, 1.3, 2.0, 1.7, 1.4, 2.4, 0.75, 1.6, 1.3, 1.4, 1.8, 1.2, 1.4, 1.6, 0.95, 1.5, 0.6, 0.6, 1.0, 0.7, 0.85, 1.4, 0.75, 0.75, 1.6, 0.95, 0.9, 0.9, 0.75, 0.8, 1.8, 0.95, 0.45, 0.65, 0.8, 2.2, 1.0, 0.55, 1.8, 0.8, 1.2, 1.4, 2.0, 1.6, 1.3, 2.2, 1.7, 1.4, 0.95, 0.45, 0.75, 1.0, 1.9, 1.6, 1.0, 0.6, 1.8, 1.4, 1.2, 1.4, 1.7, 1.6, 1.7, 0.7, 1.8, 1.0, 2.0, 2.4, 0.5, 0.95, 0.5, 1.4, 0.95, 1.8, 1.4, 1.8, 1.7, 1.7, 0.9, 2.4, 0.65, 1.2, 1.4, 1.6, 1.4, 1.6, 1.1, 2.0, 1.5, 1.4, 0.8, 1.0, 0.95, 0.5, 0.65, 1.9, 0.65, 0.95, 0.45, 1.0, 0.65, 1.4, 0.75, 0.8, 1.8, 0.9, 0.55, 0.45, 0.85, 2.2, 0.9, 1.0, 1.6, 0.85, 0.7, 1.4, 2.0, 1.8, 1.8, 2.2, 1.8, 1.4, 2.0, 0.85, 0.9, 1.6, 1.2, 1.6, 0.65, 0.9, 1.6, 1.2, 1.2, 0.9, 2.0, 1.1, 1.4, 0.85, 1.6, 0.95, 2.0, 2.3, 0.75, 1.0, 0.9, 2.0, 0.45, 1.6, 2.0, 2.0, 2.0, 1.6, 0.9, 2.0, 0.6, 1.2, 1.8, 1.4, 1.3, 1.6, 1.2, 2.2, 1.0, 0.9, 0.7, 0.95, 0.9, 0.55, 0.6, 1.6, 0.95, 0.9, 0.95, 1.6, 1.2, 0.95, 0.8, 0.6, 1.6, 0.95, 0.6, 0.8, 0.7, 2.0, 1.7, 0.7, 1.8, 0.8, 0.7, 0.9, 1.8, 1.8, 2.0, 2.4, 1.8, 1.4, 1.8, 0.5, 0.75, 1.7, 1.6, 1.6, 0.65, 0.5, 1.3, 0.9, 1.2, 0.8, 2.0, 1.4, 1.6, 1.2, 1.8, 0.9, 1.8, 2.2, 0.85];[0.02560162, -0.04073751, -0.08737917, 0.00072445, 0.02768886, -0.0111402, -0.09365583, -0.489234, -0.32616374, 0.03220329, 0.02872878, 0.04025264, -0.01761817, -0.01836726, -0.3, 0.4, 0.4, 0.2, 0.04696493, -0.19918537, -0.31906845, -0.50083583, 0.12496249, 0.09251525, 0.04017498, -0.15505433, -0.10465843, 0.02919862, 0.0471493, 0.03897874, -0.01277678, -0.01331498, 0.2, -0.2, 0.0, 0.4, 0.09374836, 0.17308279, 0.25830382, 0.14745073, 0.08649554, 0.03071263, -0.00955241, -0.14475902, 0.24115051, 0.0695409, 0.0760468, 0.08881098, 0.05649375, 0.05630495, 0.6, -0.1, 0.0, 0.2];0.05216829999994843;0.03434360000005654
[2.90825788, -3.0, 0.97484767, 0.9587904, 0.97461982];False;[1.5, 0.9, 1.8, 0.7, 1.8, 1.4, 1.8, 1.7, 1.2, 0.75, 2.0, 0.95, 1.1, 1.4, 1.1, 1.6, 1.6, 1.2, 2.2, 0.95, 1.4, 1.0, 0.8, 1.4, 0.35, 0.45, 1.6, 0.7, 0.7, 0.8, 1.6, 0.9, 1.7, 0.75, 0.8, 1.8, 0.95, 0.7, 0.85, 0.8, 2.0, 1.7, 0.65, 1.3, 0.9, 2.1, 2.1, 1.8, 1.2, 1.4, 2.3, 2.2, 1.6, 1.8, 0.55, 1.0, 0.95, 1.9, 1.4, 0.95, 0.35, 1.8, 1.4, 1.2, 0.75, 1.7, 1.4, 1.4, 1.2, 1.8, 1.4, 1.8, 2.4, 0.95, 1.2, 0.4, 1.4, 0.95, 2.3, 2.0, 1.4, 2.0, 1.6, 1.0, 2.2, 1.2, 1.2, 1.6, 1.6, 1.4, 0.95, 1.8, 1.6, 1.0, 0.95, 0.65, 1.2, 1.8, 0.7, 0.55, 1.8, 0.9, 0.65, 1.4, 1.8, 0.6, 0.95, 0.85, 0.65, 2.2, 0.85, 0.65, 0.65, 1.0, 2.0, 1.4, 0.8, 1.6, 0.9, 0.95, 2.0, 2.1, 1.6, 1.4, 2.4, 1.8, 1.6, 1.2, 0.55, 0.8, 1.2, 1.4, 1.4, 0.4, 0.6, 1.3, 1.5, 1.7, 0.95, 2.2, 1.6, 1.6, 1.2, 1.4, 1.7, 1.7, 2.3, 0.55, 1.4, 0.55, 1.1, 0.65, 1.8, 0.55, 1.4, 2.0, 1.6, 0.9, 1.8, 0.65, 1.4, 1.6, 1.2, 1.8, 2.1, 1.1, 1.8, 1.2, 1.2, 1.1, 0.55, 0.95, 0.6, 0.7, 1.4, 0.6, 0.85, 0.95, 1.2, 0.65, 1.2, 0.75, 0.5, 1.8, 0.65, 0.7, 0.65, 0.7, 2.3, 1.4, 0.6, 1.6, 0.75, 1.8, 1.0, 1.3, 1.1, 1.4, 2.0, 2.0, 1.2, 0.9, 0.9, 0.85, 1.6, 1.6, 1.4, 1.3, 0.55, 1.4, 0.9, 1.2, 1.4, 2.2, 1.1, 0.9, 2.0, 1.2, 1.2, 2.0, 2.4, 0.7];[0.02316575, -0.09907305, -0.12177141, -0.0818254, -0.24199448, -0.24383369, -0.39295625, -0.36028612, -0.15255626, 0.0463741, 0.04034624, 0.04993621, 0.020831, 0.02078481, 0.3, 0.5, -0.1, -0.1, 0.0723826, -0.28688765, -0.37312708, -0.30488349, -0.04048189, -0.02017029, -0.02677985, -0.28455967, -0.09149364, 0.02395117, 0.03783386, 0.03397566, -0.04562426, -0.04687947, 0.4, -0.2, -0.5, -0.1, 0.08799104, -0.05763082, 0.04608085, -0.1418607, -0.01005237, -0.01496626, -0.01578521, -0.38733381, -0.01149992, 0.07477611, 0.07137509, 0.08507154, 0.08467517, 0.0822703, 0.2, 0.6, 0.2, 0.0];0.058648100000027625;0.03204830000004222
[2.957675, -1.0, 0.99026781, 0.99965757, 0.96774962];False;[1.2, 0.85, 1.6, 0.7, 1.8, 1.0, 2.0, 1.8, 1.4, 0.75, 2.3, 0.6, 1.4, 1.4, 1.7, 1.4, 1.8, 1.8, 2.2, 1.0, 0.95, 0.85, 0.65, 1.2, 0.4, 0.65, 1.6, 0.9, 0.8, 1.4, 1.8, 0.85, 0.95, 1.3, 1.9, 1.8, 0.65, 0.75, 0.35, 0.7, 2.3, 1.2, 0.75, 1.4, 1.4, 1.4, 1.8, 2.0, 1.6, 1.8, 2.4, 1.8, 1.4, 1.0, 0.3, 0.9, 1.7, 1.4, 1.9, 0.5, 0.6, 1.6, 1.5, 1.6, 0.7, 2.3, 1.6, 1.6, 1.0, 1.9, 1.6, 2.2, 2.6, 0.8, 1.5, 0.6, 1.6, 0.65, 1.6, 0.55, 2.1, 2.2, 1.7, 1.4, 2.3, 0.65, 1.6, 1.3, 1.6, 1.6, 1.0, 1.1, 1.5, 0.9, 1.2, 0.95, 0.75, 1.4, 0.65, 0.55, 1.3, 0.65, 0.85, 0.55, 1.0, 0.8, 1.7, 1.3, 1.6, 1.8, 0.8, 0.7, 0.45, 0.7, 2.2, 1.7, 0.8, 1.8, 0.9, 1.6, 1.2, 1.4, 1.2, 2.0, 2.3, 2.3, 1.6, 2.0, 0.85, 1.2, 1.0, 1.6, 1.9, 0.45, 0.7, 1.3, 1.0, 1.4, 0.8, 1.8, 1.4, 1.7, 1.2, 1.9, 1.6, 2.2, 2.3, 1.2, 0.95, 0.7, 1.6, 0.4, 1.6, 1.6, 1.8, 2.2, 1.4, 0.75, 2.4, 0.6, 1.4, 1.3, 1.2, 1.6, 2.1, 1.1, 1.6, 1.4, 0.95, 0.9, 0.9, 0.95, 0.45, 1.0, 1.8, 1.0, 0.6, 0.75, 1.9, 0.95, 1.4, 0.95, 0.95, 2.0, 0.75, 0.45, 0.65, 0.75, 2.0, 1.4, 0.55, 1.6, 1.6, 1.6, 1.0, 2.0, 1.9, 2.0, 2.3, 2.0, 1.7, 0.9, 0.75, 0.95, 0.95, 1.1, 1.3, 0.3, 0.75, 1.6, 1.0, 1.6, 1.0, 2.2, 1.7, 1.7, 0.95, 1.2, 1.0, 2.0, 2.3, 1.0];[0.06581688, 0.01318923, -0.07428537, 0.0610305, -0.06295999, -0.03020596, -0.04787875, -0.43019451, -0.20695812, 0.03912656, 0.01798884, 0.00768643, -0.07891659, -0.08097054, 0.0, -0.3, -0.2, 0.1, 0.09496507, -0.01439601, -0.11409074, 0.18931467, 0.28488585, 0.22283908, 0.18089817, -0.08393438, -0.05775993, 0.02335004, 0.04704694, 0.03501365, -0.04192365, -0.04329185, -0.3, 0.0, 0.2, 0.2, 0.10776358, -0.1128625, -0.03714676, -0.17819514, -0.07238957, -0.0516566, -0.07166323, -0.4458182, -0.02129787, 0.03812564, 0.04326126, 0.05188695, -0.00070966, 0.00039768, -0.1, 0.4, -0.2, -0.4];0.06469230000016069;0.03996800000004441
[2.94229471, -3.0, 0.95476513, 0.96476117, 1.02276841];False;[1.5, 0.45, 2.1, 0.9, 2.2, 0.5, 2.0, 2.0, 1.1, 0.8, 2.3, 0.9, 1.1, 1.6, 1.1, 1.8, 1.4, 1.2, 1.6, 0.95, 1.5, 1.1, 0.9, 0.9, 0.8, 0.65, 1.8, 0.65, 1.2, 1.2, 0.95, 0.6, 1.4, 0.8, 0.45, 1.8, 0.9, 0.4, 0.65, 0.75, 2.2, 1.6, 0.95, 1.8, 0.95, 0.95, 1.4, 1.3, 1.4, 1.4, 2.3, 2.2, 1.4, 1.0, 0.75, 0.9, 0.9, 1.8, 1.3, 0.65, 0.4, 1.4, 1.4, 1.4, 0.9, 2.0, 1.7, 1.0, 1.6, 1.4, 1.2, 2.0, 2.3, 1.2, 1.0, 0.45, 1.2, 0.45, 2.2, 2.0, 1.6, 1.8, 1.6, 0.9, 2.2, 1.2, 1.7, 1.8, 1.4, 1.6, 0.95, 1.2, 2.2, 0.95, 0.95, 0.55, 0.65, 1.2, 0.85, 0.85, 1.8, 0.95, 1.0, 0.6, 1.0, 0.8, 1.6, 0.75, 0.7, 2.3, 0.7, 0.75, 0.7, 0.85, 2.2, 0.95, 0.65, 1.6, 0.7, 1.2, 1.0, 2.1, 1.2, 1.4, 2.4, 1.7, 1.1, 0.95, 0.9, 1.0, 0.95, 1.9, 1.4, 1.2, 0.95, 1.8, 0.95, 1.6, 1.0, 1.7, 1.6, 0.95, 0.8, 1.6, 1.4, 2.2, 2.0, 0.65, 1.4, 0.5, 1.2, 0.4, 1.6, 0.75, 1.4, 2.3, 1.6, 0.9, 2.4, 0.9, 1.6, 1.4, 1.6, 1.6, 1.4, 1.8, 2.0, 1.5, 1.0, 0.7, 0.8, 2.0, 0.65, 0.6, 1.9, 0.7, 0.95, 1.0, 1.6, 1.0, 0.95, 1.3, 0.6, 2.0, 0.85, 0.4, 0.65, 1.0, 2.2, 1.7, 0.7, 1.3, 0.85, 0.75, 0.95, 1.6, 1.6, 2.0, 2.3, 2.3, 1.2, 1.6, 0.65, 0.9, 1.2, 1.1, 1.6, 0.45, 0.4, 1.4, 1.4, 1.6, 0.9, 1.8, 1.4, 1.6, 1.8, 1.9, 1.4, 2.2, 2.4, 0.5];[0.01950657, 0.16981243, 0.20603043, 0.05412489, -0.26246248, -0.24111941, -0.38560094, -0.57702279, -0.32745026, 0.04332213, 0.0530487, 0.01628623, -0.0636673, -0.06456312, 0.5, 0.7, -0.3, -0.3, 0.06556929, -0.30672659, -0.32166751, -0.27881546, 0.05616109, 0.04668117, 0.01451903, -0.53096831, -0.42876357, 0.04750972, 0.04118015, 0.05020476, 0.03915874, 0.03888392, 0.1, 0.2, 0.1, -0.2, 0.10547272, 0.26992783, 0.3115725, 0.2403768, 0.15171268, 0.13590082, 0.10433827, -0.17948685, 0.25074764, 0.03154588, 0.06537851, 0.05124429, -0.02487647, -0.02521537, -0.2, 0.0, 0.0, 0.0];0.06700339999997595;0.03585499999985586
[2.92028599, -4.0, 0.95427777, 0.95478675, 1.01122148];False;[1.0, 0.35, 1.8, 0.4, 2.3, 0.65, 1.4, 2.0, 1.4, 1.4, 2.2, 1.2, 1.6, 1.3, 1.4, 1.8, 1.4, 1.9, 2.3, 1.0, 0.95, 0.5, 0.95, 1.6, 0.75, 0.45, 1.8, 0.95, 0.7, 1.0, 1.9, 1.0, 1.0, 0.75, 0.5, 2.0, 0.95, 0.8, 0.85, 1.0, 2.3, 1.4, 0.75, 1.6, 0.95, 0.75, 1.0, 1.8, 1.9, 1.4, 2.4, 2.0, 1.4, 1.0, 0.85, 0.65, 0.95, 1.2, 1.6, 0.75, 0.85, 1.8, 1.2, 1.6, 0.95, 2.0, 1.6, 1.4, 0.75, 1.2, 1.2, 1.7, 2.3, 0.95, 1.0, 0.7, 1.6, 0.6, 1.6, 0.95, 2.0, 2.2, 1.4, 0.95, 2.0, 0.6, 1.2, 1.3, 1.2, 1.3, 1.8, 1.8, 2.0, 1.2, 0.9, 0.85, 0.85, 2.0, 0.75, 0.5, 1.4, 0.9, 0.9, 0.6, 1.6, 1.0, 1.6, 1.0, 0.75, 2.0, 0.9, 0.4, 0.65, 0.65, 2.2, 0.95, 0.65, 1.8, 1.2, 2.0, 2.0, 1.8, 1.2, 1.8, 2.3, 1.7, 1.6, 1.2, 0.3, 0.75, 1.4, 1.2, 1.4, 0.55, 0.65, 1.8, 1.0, 1.6, 1.8, 1.7, 1.6, 1.2, 0.8, 1.2, 1.4, 2.0, 2.4, 0.9, 1.5, 0.45, 1.2, 0.5, 1.8, 0.7, 2.1, 2.0, 1.4, 0.8, 1.8, 1.0, 1.6, 1.8, 1.6, 1.4, 1.6, 1.6, 2.3, 1.2, 1.4, 0.85, 0.7, 0.95, 0.6, 0.8, 1.8, 0.85, 0.95, 0.45, 0.95, 0.65, 1.7, 0.95, 0.75, 2.3, 0.6, 0.3, 0.85, 0.95, 1.8, 1.6, 1.1, 1.9, 1.2, 2.1, 1.6, 1.6, 1.2, 1.8, 2.6, 2.2, 1.2, 1.0, 0.6, 0.6, 0.9, 1.8, 1.4, 0.75, 0.75, 1.8, 0.95, 1.6, 1.2, 2.0, 1.2, 1.6, 0.85, 1.8, 0.9, 2.2, 2.3, 0.9];[0.03745248, -0.0066648, -0.01319821, 0.00193946, -0.09434649, -0.1438783, -0.26494993, -0.54395834, -0.28941505, 0.03782336, 0.04135313, 0.02172145, -0.04888356, -0.04987656, -0.3, 0.4, 0.0, -0.2, 0.08552121, -0.18417122, -0.27029454, -0.63478829, -0.00624319, -0.00057941, -0.01077502, -0.28898739, -0.28718877, 0.02903381, 0.04619904, 0.03101196, -0.02476221, -0.02611706, 0.1, 0.1, -0.4, -0.4, 0.09409448, 0.31106549, 0.48866681, 0.29146581, 0.00095973, 0.00481197, -0.02204775, -0.34990809, 0.03833174, 0.05877352, 0.06254456, 0.06847751, 0.04994234, 0.04887012, 0.2, -0.2, 0.0, 0.0];0.045157300000028044;0.027741199999809396
[2.90662399, -0.0, 0.9994235, 0.97280904, 0.93439145];False;[1.0, 0.75, 1.6, 0.75, 2.0, 0.6, 2.0, 2.2, 1.7, 0.85, 1.8, 1.3, 1.2, 1.6, 1.7, 1.9, 0.9, 1.6, 1.5, 0.9, 1.2, 0.9, 0.95, 2.1, 0.9, 0.95, 1.8, 0.9, 0.85, 0.9, 1.6, 0.7, 1.6, 0.95, 1.9, 1.8, 0.85, 0.4, 0.65, 0.7, 1.8, 1.6, 0.95, 1.8, 0.85, 2.0, 1.8, 1.8, 1.9, 1.6, 2.0, 1.8, 1.1, 0.95, 0.8, 1.2, 0.95, 1.8, 1.8, 0.8, 0.75, 1.9, 1.2, 1.2, 0.8, 2.0, 1.4, 1.2, 0.9, 1.2, 1.0, 2.0, 2.2, 0.8, 0.95, 0.7, 1.8, 0.35, 1.6, 1.8, 2.0, 2.0, 1.2, 0.85, 2.2, 0.75, 1.6, 1.8, 1.1, 1.6, 1.2, 1.4, 2.2, 1.2, 1.2, 0.75, 1.0, 1.8, 0.6, 0.95, 1.4, 1.3, 0.9, 0.8, 1.2, 0.9, 1.7, 0.95, 0.6, 2.2, 0.65, 0.6, 0.55, 0.95, 2.2, 0.95, 0.85, 1.6, 1.4, 0.95, 0.9, 1.6, 1.9, 1.6, 2.2, 2.0, 1.4, 1.0, 0.7, 1.0, 1.6, 1.9, 1.6, 0.35, 1.1, 1.8, 1.4, 1.7, 1.0, 1.8, 1.2, 1.7, 0.85, 1.6, 1.2, 2.3, 2.2, 0.7, 1.0, 0.6, 1.4, 0.5, 2.2, 0.65, 1.8, 2.2, 1.2, 1.2, 2.4, 0.65, 1.6, 1.8, 1.1, 1.4, 2.0, 1.8, 2.2, 1.4, 1.0, 0.75, 0.5, 1.4, 0.65, 0.5, 1.4, 0.65, 0.7, 0.45, 1.2, 0.65, 1.6, 0.85, 0.8, 1.5, 0.75, 0.35, 0.7, 0.7, 2.3, 0.95, 0.5, 1.8, 0.85, 0.75, 1.6, 1.4, 1.6, 1.3, 2.4, 2.2, 1.1, 1.2, 0.6, 0.65, 1.4, 1.4, 1.3, 0.5, 0.3, 1.3, 0.95, 1.6, 0.95, 1.8, 1.7, 1.0, 0.95, 1.4, 1.4, 1.8, 2.4, 0.8];[0.03894074, 0.29172327, 0.2510083, 0.17730033, 0.01638517, 0.00650825, -0.03048814, -0.5201602, -0.21039217, 0.04246052, 0.05083863, 0.04055111, -0.00247539, -0.0034264, 0.4, 0.2, 0.0, 0.5, 0.04958281, -0.20289706, -0.22832854, -0.1967075, 0.0191871, 0.02055915, 0.00399709, -0.3327041, -0.21107842, 0.02831391, 0.04966787, 0.04020706, -0.03742553, -0.03797034, 0.2, 0.5, -0.1, -0.6, 0.09961884, 0.00518451, 0.03909544, -0.20336562, -0.17358817, -0.13794593, -0.0670458, -0.51058588, -0.11179359, 0.04121369, 0.07362101, 0.07701317, -0.02343922, -0.02472904, 0.2, 0.3, 0.0, -0.5];0.05488249999984873;0.03573620000020128
[2.93078103, -4.0, 0.97330639, 0.89691946, 1.06055518];False;[1.0, 0.7, 1.6, 0.75, 2.3, 0.55, 1.6, 2.2, 1.1, 1.0, 2.0, 1.3, 1.4, 1.8, 1.2, 1.6, 1.2, 1.1, 1.6, 0.9, 1.4, 0.85, 1.2, 2.1, 0.5, 0.65, 1.6, 0.6, 0.9, 0.75, 1.6, 0.65, 1.2, 0.95, 0.95, 1.6, 0.95, 0.55, 0.55, 0.95, 2.2, 1.7, 0.65, 1.4, 0.9, 0.8, 1.8, 1.8, 1.2, 2.1, 2.6, 1.8, 1.4, 2.0, 0.75, 0.6, 1.7, 1.4, 1.4, 0.65, 0.95, 1.6, 0.9, 1.4, 0.9, 1.8, 1.6, 1.4, 2.0, 1.6, 1.6, 2.0, 2.4, 0.9, 0.95, 0.45, 1.2, 0.5, 1.8, 0.85, 1.6, 2.0, 1.2, 0.8, 1.8, 0.8, 1.6, 1.3, 1.1, 1.6, 0.95, 1.1, 2.2, 1.4, 0.95, 0.8, 0.85, 2.1, 0.35, 1.0, 1.4, 0.9, 0.7, 0.95, 1.0, 0.6, 1.2, 1.2, 1.0, 1.6, 1.0, 0.4, 0.4, 0.8, 1.8, 1.2, 0.6, 1.4, 1.4, 0.8, 2.0, 1.4, 1.6, 2.0, 2.3, 1.8, 1.6, 1.4, 0.85, 0.6, 1.4, 1.2, 1.6, 0.7, 0.5, 1.9, 0.95, 1.2, 0.95, 2.3, 1.2, 1.2, 2.0, 1.4, 1.6, 1.8, 2.2, 1.2, 1.2, 0.8, 2.0, 0.6, 1.6, 0.6, 2.0, 1.8, 1.6, 0.85, 2.4, 1.0, 1.1, 1.8, 1.2, 1.9, 1.2, 1.4, 2.2, 0.95, 0.95, 0.55, 0.6, 2.0, 0.85, 1.0, 1.8, 0.7, 1.2, 0.4, 1.8, 1.0, 0.95, 1.3, 0.85, 2.0, 0.85, 0.45, 0.9, 0.75, 2.2, 1.4, 0.65, 1.9, 0.85, 0.8, 1.0, 2.1, 1.4, 1.4, 2.4, 1.8, 1.6, 0.95, 0.7, 1.3, 1.2, 1.6, 1.8, 0.8, 0.8, 1.6, 1.0, 1.4, 0.95, 2.3, 1.2, 1.6, 0.8, 1.4, 1.6, 1.8, 2.0, 0.85];[0.03543985, 0.07636419, 0.07391223, 0.10701142, -0.26458273, -0.19963296, -0.27647542, -0.07107554, 0.16845414, 0.05307431, 0.0639247, 0.02437637, -0.02072277, -0.02229102, 0.4, 0.4, 0.0, -0.2, 0.05581781, -0.32809915, -0.46862708, -0.4605623, -0.19145121, -0.11452702, -0.06390261, -0.33676746, -0.22457137, 0.01711196, 0.03487704, 0.03292061, -0.04998185, -0.05159058, -0.3, 0.5, 0.4, -0.1, 0.08876959, 0.29947275, 0.40849538, 0.12571329, 0.15795573, 0.09240521, 0.13164311, -0.49862117, 0.0157595, 0.08035614, 0.06706226, 0.09915137, 0.10135502, 0.1010113, 0.7, 0.7, -0.3, -0.2];0.06341489999999794;0.03928510000014285
[2.97957656, -1.0, 0.98829625, 0.98535384, 1.00592647];False;[1.0, 0.9, 1.4, 0.7, 1.8, 2.0, 1.6, 1.8, 1.6, 0.95, 2.2, 0.85, 1.6, 1.3, 1.7, 1.6, 0.9, 1.6, 2.0, 1.2, 0.9, 1.0, 0.5, 1.0, 0.65, 0.9, 1.4, 1.0, 1.2, 0.85, 0.95, 1.0, 0.9, 0.85, 0.95, 2.0, 0.75, 0.6, 0.7, 1.0, 1.8, 0.9, 1.0, 1.3, 0.95, 1.0, 1.2, 1.6, 1.4, 2.1, 2.2, 1.8, 1.1, 2.0, 0.55, 1.3, 1.0, 1.2, 1.8, 0.55, 0.65, 1.3, 1.0, 1.2, 1.2, 2.0, 1.2, 0.95, 1.8, 1.6, 1.0, 2.2, 2.2, 0.85, 1.0, 0.65, 1.8, 0.55, 2.0, 0.6, 1.4, 2.3, 1.4, 1.5, 2.2, 0.75, 1.6, 1.4, 1.2, 1.8, 1.2, 1.8, 1.8, 1.4, 0.95, 0.7, 0.95, 1.4, 0.75, 0.7, 1.6, 0.75, 0.95, 0.85, 1.6, 0.75, 0.95, 0.8, 0.6, 2.2, 0.75, 0.35, 0.55, 1.2, 1.7, 1.0, 0.95, 1.3, 1.2, 0.75, 1.0, 2.1, 1.9, 1.8, 2.6, 2.2, 1.2, 1.0, 0.7, 1.2, 1.6, 1.8, 1.8, 0.4, 0.75, 1.4, 1.2, 1.4, 1.4, 1.8, 1.1, 1.0, 1.8, 1.2, 1.7, 2.3, 2.4, 0.55, 1.2, 0.5, 1.4, 0.95, 2.0, 1.8, 1.6, 2.0, 1.1, 1.0, 2.0, 0.8, 1.4, 1.4, 1.6, 1.4, 2.1, 1.8, 1.5, 1.0, 1.2, 0.65, 0.85, 1.8, 0.7, 0.45, 1.6, 1.0, 0.75, 1.6, 1.9, 0.8, 1.0, 0.9, 1.9, 2.0, 0.65, 0.75, 0.5, 0.6, 2.3, 0.95, 0.95, 1.6, 1.0, 0.9, 1.4, 1.6, 1.8, 2.0, 2.6, 2.0, 1.2, 0.95, 0.65, 0.9, 1.4, 1.2, 1.8, 0.75, 0.45, 1.9, 1.2, 1.2, 1.8, 2.0, 1.4, 1.6, 2.0, 1.8, 0.95, 2.2, 2.0, 0.75];[0.04397846, 0.20772984, 0.1118454, 0.27433352, 0.11645465, 0.13333741, 0.16157619, -0.17829287, -0.0499502, 0.04249389, 0.0536525, 0.02409327, -0.05415223, -0.0556227, -0.3, -0.1, 0.4, 0.5, 0.06774879, -0.21272891, -0.30629687, -0.13409999, 0.01512522, 0.04203795, 0.05997066, -0.38759395, -0.25027398, 0.02545719, 0.05305728, 0.04606087, -0.04123863, -0.0430351, -0.2, 0.6, 0.2, -0.2, 0.09554146, 0.07512305, 0.1171286, -0.00196017, 0.0481427, 0.05097056, -0.00737696, -0.53964756, -0.21999306, 0.03944419, 0.03264435, 0.03971802, 0.02513614, 0.02406598, 0.0, -0.2, 0.2, 0.4];0.055632899999864094;0.03428940000003422
[2.87550421, -4.0, 0.94678419, 0.93520539, 0.99351462];False;[1.5, 0.35, 1.8, 0.85, 2.0, 0.95, 1.4, 2.0, 1.2, 0.7, 2.3, 0.8, 1.2, 1.4, 1.6, 1.6, 2.0, 1.8, 2.0, 1.4, 0.95, 1.0, 0.8, 1.0, 0.6, 0.75, 1.3, 0.95, 0.75, 1.4, 0.9, 0.85, 1.7, 0.9, 0.95, 1.6, 0.6, 0.35, 0.7, 0.65, 2.2, 1.0, 1.0, 1.8, 1.0, 0.95, 1.6, 1.3, 1.4, 1.8, 2.3, 1.8, 1.2, 2.0, 0.35, 0.8, 0.95, 1.2, 1.6, 0.4, 0.9, 1.4, 0.95, 1.1, 1.0, 2.0, 1.7, 1.0, 2.0, 1.2, 1.4, 2.3, 2.3, 0.95, 1.4, 0.8, 2.0, 0.95, 1.8, 0.8, 1.6, 1.8, 1.6, 1.0, 1.7, 0.55, 1.4, 1.4, 1.4, 1.8, 2.0, 1.6, 1.6, 0.95, 1.4, 0.5, 0.55, 1.0, 0.65, 0.75, 1.4, 1.0, 0.7, 0.9, 1.6, 0.8, 1.0, 0.95, 0.45, 2.0, 1.2, 0.6, 0.35, 0.75, 1.7, 1.2, 0.6, 1.8, 1.0, 1.2, 1.8, 1.6, 1.4, 2.1, 2.4, 2.3, 1.6, 1.2, 0.35, 0.95, 0.95, 1.2, 1.4, 0.75, 1.0, 1.6, 1.0, 1.4, 0.95, 1.7, 1.4, 0.95, 1.0, 1.4, 1.4, 1.7, 2.3, 1.3, 0.95, 0.95, 1.4, 0.85, 2.3, 0.6, 1.8, 2.3, 1.2, 1.0, 2.0, 0.7, 1.7, 1.3, 1.6, 1.6, 1.2, 1.8, 1.5, 0.9, 0.95, 0.8, 0.6, 1.8, 0.75, 0.5, 1.4, 0.75, 0.6, 0.5, 1.2, 1.0, 1.0, 0.95, 0.45, 1.6, 0.65, 0.85, 0.45, 0.8, 1.8, 1.6, 0.6, 1.8, 1.4, 1.6, 2.1, 1.4, 1.9, 1.8, 2.3, 1.8, 1.4, 1.2, 0.55, 0.9, 0.9, 1.6, 1.8, 0.4, 0.85, 1.6, 1.0, 1.4, 1.8, 1.8, 1.4, 1.4, 0.75, 1.6, 1.7, 1.8, 2.3, 0.7];[0.03269058, -0.01612809, -0.08367003, 0.04323832, -0.13493394, -0.07559214, -0.14806152, -0.39367696, -0.08939111, 0.03156977, 0.05956131, 0.00035063, -0.1080296, -0.10990482, 0.2, 0.0, 0.1, 0.5, 0.06808423, -0.34987307, -0.39198842, -0.5220952, -0.06950356, -0.0438712, -0.04108543, -0.19464174, -0.22055289, 0.03814059, 0.05557307, 0.03967029, 0.03282701, 0.03201869, 0.0, 0.4, 0.0, 0.0, 0.12256781, -0.1660094, -0.09000302, -0.11731935, -0.00889237, -0.00184342, 0.07418179, -0.45678464, 0.02370606, 0.04770453, 0.0522577, 0.05471979, 0.06041421, 0.06116656, -0.4, 0.0, 0.3, 0.2];0.06014129999994111;0.04098640000006526
[2.88120177, -0.0, 0.93872258, 0.97140287, 0.97107632];False;[1.0, 0.65, 2.0, 0.5, 1.6, 0.75, 1.4, 2.0, 1.2, 1.0, 2.6, 0.95, 1.4, 1.6, 1.6, 1.6, 2.0, 1.2, 1.6, 0.95, 0.95, 0.85, 0.75, 1.8, 0.7, 0.75, 1.9, 1.0, 0.8, 0.75, 1.2, 0.6, 0.9, 0.85, 0.4, 1.8, 0.8, 0.6, 0.45, 0.8, 2.3, 1.2, 0.9, 1.6, 1.6, 1.4, 0.95, 1.4, 1.4, 2.0, 2.3, 2.0, 1.2, 1.0, 0.7, 1.0, 1.6, 1.8, 1.8, 0.4, 0.95, 1.9, 1.2, 1.7, 0.95, 2.3, 1.2, 0.95, 0.8, 1.4, 0.95, 2.0, 2.2, 1.2, 0.95, 0.65, 2.0, 0.75, 2.0, 0.55, 1.3, 1.8, 1.1, 0.8, 2.6, 0.95, 1.1, 1.8, 1.6, 1.6, 1.8, 1.6, 2.0, 1.2, 1.2, 0.8, 0.5, 1.6, 0.85, 0.85, 1.6, 0.85, 0.9, 1.2, 0.95, 0.7, 1.2, 1.3, 0.8, 1.8, 1.0, 0.4, 0.6, 0.75, 2.0, 1.6, 0.55, 1.3, 1.6, 1.0, 1.6, 1.4, 1.4, 1.6, 2.4, 1.7, 1.6, 1.6, 0.8, 0.9, 0.95, 1.8, 1.6, 0.85, 0.85, 1.6, 1.4, 1.6, 0.8, 2.2, 1.7, 1.6, 1.2, 1.2, 0.95, 1.7, 2.0, 0.65, 0.9, 0.45, 2.1, 0.55, 2.0, 1.0, 1.8, 1.8, 1.1, 1.4, 2.2, 0.55, 1.2, 1.4, 1.2, 1.3, 2.0, 1.4, 2.3, 1.2, 1.5, 0.65, 0.65, 1.4, 0.55, 0.9, 1.3, 0.9, 0.7, 0.55, 1.8, 0.7, 1.7, 0.85, 1.8, 1.6, 0.6, 0.8, 0.35, 1.2, 2.0, 0.95, 0.9, 1.8, 1.4, 0.75, 0.95, 1.3, 1.6, 2.1, 2.6, 2.3, 1.4, 1.0, 0.3, 1.2, 1.4, 1.9, 1.4, 0.55, 0.3, 1.9, 1.0, 1.4, 1.6, 1.7, 1.6, 1.2, 1.2, 1.9, 1.0, 2.2, 2.4, 0.95];[0.0556204, 0.17408749, 0.165307, 0.12980702, -0.16160025, -0.13017303, -0.20480919, -0.43019356, -0.17142708, 0.03140576, 0.03094001, 0.00846892, -0.104424, -0.10654522, 0.2, 0.0, -0.3, -0.1, 0.03165073, -0.05849826, -0.09736201, -0.16886468, -0.10674699, -0.08562059, -0.09837199, -0.32193386, -0.1214037, 0.03849575, 0.04232411, 0.05235923, 0.00479692, 0.00426383, 0.7, 0.0, -0.5, 0.0, 0.07186552, -0.00444823, 0.01599504, -0.07370326, -0.11169866, -0.06005398, -0.07631307, -0.24896848, -0.14907424, 0.03695007, 0.03975347, 0.0486037, -0.00413181, -0.00523127, 0.2, 0.1, -0.2, -0.2];0.06846059999998033;0.039390500000081374
[2.85819855, -3.0, 0.91617319, 0.94364221, 0.99838314];False;[1.4, 0.6, 1.6, 0.8, 2.0, 0.7, 2.1, 1.8, 1.2, 1.2, 2.4, 0.6, 1.4, 1.9, 1.7, 1.9, 1.2, 1.1, 1.8, 0.95, 0.95, 0.55, 0.55, 2.0, 0.45, 0.95, 1.4, 0.7, 0.9, 1.7, 1.8, 1.2, 1.0, 1.0, 1.6, 2.2, 0.85, 0.45, 0.45, 0.65, 2.0, 1.0, 0.7, 1.6, 1.6, 2.0, 2.0, 1.4, 1.6, 1.8, 2.4, 1.8, 1.2, 1.0, 0.4, 0.8, 1.7, 1.6, 1.4, 0.35, 0.7, 1.6, 0.9, 1.4, 0.9, 2.2, 1.6, 0.9, 1.4, 1.8, 1.0, 1.8, 2.4, 0.55, 1.2, 0.3, 1.2, 0.6, 2.0, 0.65, 1.4, 1.7, 1.4, 1.4, 2.0, 1.2, 1.6, 1.8, 1.6, 1.8, 1.4, 1.4, 2.3, 1.0, 0.9, 0.9, 0.7, 2.1, 0.4, 0.65, 1.6, 0.75, 0.7, 1.0, 0.9, 0.95, 1.0, 0.85, 0.75, 2.0, 0.95, 0.8, 0.65, 0.9, 2.0, 1.2, 0.55, 1.9, 0.95, 1.6, 2.1, 2.0, 1.1, 1.6, 2.4, 1.8, 1.7, 1.0, 0.8, 0.65, 0.9, 1.1, 1.8, 0.95, 0.55, 1.6, 1.4, 1.7, 0.7, 2.0, 1.4, 0.95, 1.4, 1.2, 1.2, 2.0, 2.4, 0.8, 0.95, 0.3, 2.0, 0.65, 2.2, 0.65, 1.6, 2.2, 1.6, 0.75, 2.4, 0.9, 1.2, 1.8, 1.4, 1.6, 0.95, 1.6, 2.3, 1.2, 0.95, 0.75, 0.85, 1.6, 0.35, 0.4, 1.4, 0.75, 0.95, 0.55, 1.2, 0.85, 1.4, 0.95, 0.7, 1.8, 0.7, 0.35, 0.35, 0.95, 2.0, 1.0, 0.85, 1.8, 0.75, 0.8, 2.0, 1.4, 1.6, 1.3, 2.3, 2.3, 1.7, 1.8, 0.6, 0.7, 0.95, 1.8, 1.8, 0.45, 0.95, 1.8, 1.5, 1.4, 0.85, 2.2, 1.2, 1.2, 0.9, 1.8, 1.7, 2.3, 2.3, 0.75];[0.05725983, 0.11434792, 0.09613832, 0.12132582, -0.17179465, -0.1968974, -0.34255785, -0.351276, -0.14411473, 0.03799257, 0.05777149, 0.00548664, -0.1015831, -0.10346125, 0.5, 0.2, 0.0, 0.3, 0.06491935, -0.2434111, -0.33081741, -0.33565765, -0.01589221, 0.00154181, 0.00378552, -0.34193478, -0.32460658, 0.03662484, 0.03179408, 0.04946999, -0.00775519, -0.00880534, 0.2, 0.2, -0.1, -0.1, 0.08884779, 0.18394305, 0.25390264, 0.04022527, 0.12926572, 0.13930823, 0.17067683, -0.32818777, 0.10010215, 0.04694299, 0.03941468, 0.06611556, 0.0329681, 0.03301349, 0.6, 0.2, -0.2, 0.0];0.06474489999982325;0.042038299999831
[2.98419339, -3.0, 1.00319893, 0.96491475, 1.01607971];False;[1.4, 0.7, 1.6, 1.0, 1.6, 1.8, 1.8, 2.0, 1.6, 0.7, 2.2, 0.55, 1.2, 1.9, 1.7, 1.3, 1.8, 1.9, 2.0, 1.0, 1.2, 0.6, 0.85, 1.2, 0.8, 0.95, 1.8, 0.95, 0.95, 0.7, 1.4, 0.95, 1.6, 0.9, 0.8, 1.8, 0.9, 0.8, 0.6, 0.6, 1.8, 1.2, 0.55, 1.6, 0.75, 1.8, 1.8, 1.6, 1.2, 1.6, 2.4, 2.3, 1.6, 1.6, 0.35, 0.95, 1.2, 1.8, 1.6, 0.9, 0.9, 1.4, 1.4, 1.4, 0.8, 1.7, 1.7, 1.6, 1.6, 1.6, 0.95, 1.8, 2.2, 1.0, 0.95, 0.9, 1.6, 0.5, 1.8, 0.9, 2.0, 2.2, 1.4, 1.4, 2.2, 0.6, 1.6, 1.4, 1.4, 1.9, 1.4, 1.9, 1.5, 0.95, 1.4, 0.55, 0.95, 1.0, 0.7, 0.65, 1.9, 0.65, 0.75, 0.55, 0.95, 0.95, 1.4, 0.8, 0.55, 2.2, 0.95, 0.7, 0.45, 0.65, 2.2, 1.4, 0.7, 1.6, 0.95, 1.4, 0.95, 1.8, 1.6, 1.6, 2.0, 2.2, 1.4, 1.8, 0.75, 0.9, 1.4, 1.4, 1.6, 0.8, 0.6, 1.6, 1.2, 1.2, 0.8, 2.2, 1.4, 1.7, 0.9, 1.6, 0.9, 2.0, 2.4, 0.75, 1.5, 0.8, 1.4, 0.7, 2.3, 0.55, 2.0, 2.0, 1.2, 0.8, 1.7, 0.85, 1.6, 1.3, 1.4, 1.9, 1.8, 1.9, 2.0, 1.0, 0.9, 0.95, 0.95, 1.2, 0.65, 0.5, 1.4, 0.75, 1.0, 0.65, 1.2, 0.75, 0.95, 0.75, 0.5, 1.5, 0.9, 0.3, 0.55, 0.95, 2.2, 1.2, 1.1, 1.6, 1.4, 0.85, 0.95, 1.6, 1.2, 2.1, 2.3, 2.2, 1.4, 1.4, 0.4, 1.3, 1.4, 1.4, 1.8, 0.9, 0.65, 1.8, 1.0, 1.2, 1.2, 1.8, 1.7, 0.95, 1.8, 1.8, 1.2, 2.0, 2.6, 0.9];[0.05176192, 0.11813955, 0.01941183, 0.04759951, 0.0227032, -0.03184939, -0.10592151, -0.30714992, -0.13368165, 0.04624287, 0.042386, 0.04873858, 0.02514702, 0.02400744, 0.7, -0.4, -0.2, 0.3, 0.0547661, -0.32176957, -0.37534787, -0.34770538, 0.0737154, 0.05304602, 0.0128079, -0.14150208, -0.06566177, 0.03865624, 0.05899604, 0.0437592, 0.02210105, 0.02188476, -0.2, 0.5, 0.4, 0.2, 0.09401588, 0.0133051, 0.0644186, -0.02442355, 0.00917516, 0.01874888, 0.02557858, -0.31251927, -0.10051882, 0.06244146, 0.05665363, 0.07134133, 0.08682277, 0.0857523, -0.3, 0.5, 0.4, 0.2];0.06797670000014477;0.043276600000126564
[2.88120866, -2.0, 0.93601568, 0.96769059, 0.97750239];False;[0.95, 0.5, 1.2, 0.9, 1.6, 2.1, 1.8, 2.0, 1.1, 1.0, 2.4, 0.75, 1.4, 1.4, 1.1, 1.6, 1.4, 1.4, 2.0, 1.0, 1.0, 0.95, 1.0, 2.0, 0.45, 0.95, 1.8, 1.0, 0.85, 0.95, 1.4, 0.65, 0.95, 1.2, 1.6, 1.6, 0.9, 0.45, 0.8, 0.65, 2.2, 0.95, 0.7, 1.8, 1.2, 1.2, 0.95, 1.4, 1.8, 2.0, 2.3, 2.0, 1.6, 1.4, 0.55, 0.65, 0.9, 1.4, 1.4, 0.55, 0.5, 1.4, 1.0, 1.4, 0.85, 2.3, 1.6, 1.6, 1.4, 1.1, 1.6, 2.0, 2.3, 0.8, 1.0, 0.6, 1.6, 0.8, 2.2, 1.4, 1.3, 2.2, 1.4, 1.4, 2.4, 0.65, 1.4, 1.4, 1.4, 1.9, 1.2, 1.6, 2.2, 0.95, 0.95, 0.6, 0.8, 1.6, 0.45, 0.9, 1.3, 0.8, 0.85, 0.55, 0.95, 0.85, 0.95, 1.2, 0.65, 2.0, 0.9, 0.5, 0.4, 0.7, 1.8, 1.7, 0.55, 1.6, 1.0, 0.9, 1.8, 1.8, 1.6, 1.4, 2.4, 1.8, 1.4, 1.4, 0.35, 0.95, 0.95, 1.8, 1.8, 0.75, 0.95, 1.8, 1.2, 1.2, 0.85, 2.2, 1.4, 1.4, 2.0, 1.8, 1.6, 2.3, 2.3, 0.75, 1.4, 0.65, 1.8, 0.55, 1.6, 0.65, 1.6, 2.2, 1.4, 0.95, 1.7, 0.75, 1.6, 1.6, 1.2, 1.9, 0.9, 1.6, 2.2, 1.4, 0.95, 0.9, 0.95, 1.0, 0.4, 0.7, 1.4, 1.3, 0.75, 0.85, 0.9, 0.95, 0.95, 0.9, 1.4, 2.2, 0.75, 0.4, 0.85, 0.95, 1.8, 0.95, 1.1, 1.3, 1.0, 0.75, 1.4, 1.8, 1.2, 1.8, 2.4, 2.0, 1.1, 1.0, 0.45, 0.75, 1.4, 1.4, 1.8, 0.55, 0.65, 1.4, 1.2, 1.1, 1.6, 2.3, 1.2, 0.9, 1.2, 1.1, 1.4, 2.2, 2.4, 0.65];[0.04866216, -0.06752407, -0.08707775, -0.00935246, -0.29206185, -0.24511333, -0.37160035, -0.34740005, -0.25856511, 0.03825756, 0.05292004, 0.00215731, -0.09276628, -0.09443499, 0.0, 0.5, 0.0, -0.3, 0.03662702, -0.33346619, -0.39274221, -0.02845856, 0.09653628, 0.09720992, 0.09339615, -0.2333022, -0.07188668, 0.03338515, 0.04676556, 0.0400188, -0.00782142, -0.00874999, 0.0, 0.5, 0.2, 0.2, 0.09749477, -0.04107321, -0.03493992, -0.12700032, 0.05366732, 0.06809384, 0.08031986, -0.39774708, -0.10353343, 0.06393716, 0.06056942, 0.08763827, 0.04557053, 0.0452892, 0.0, 0.7, 0.5, 0.1];0.06463060000010046;0.04118420000008882
[2.916444, -0.0, 0.94941633, 0.96915669, 0.99787098];False;[1.4, 0.8, 1.4, 0.45, 1.5, 0.95, 2.0, 2.3, 1.6, 0.8, 2.2, 0.65, 1.7, 1.9, 1.6, 1.8, 1.4, 1.6, 2.2, 1.4, 1.0, 0.7, 0.75, 1.4, 0.35, 0.45, 1.8, 0.85, 0.6, 0.85, 1.4, 0.85, 1.0, 1.2, 0.9, 1.6, 0.75, 0.3, 0.75, 1.0, 2.2, 1.6, 0.75, 1.6, 1.2, 0.8, 1.2, 2.0, 1.4, 1.4, 2.3, 1.7, 1.1, 1.4, 0.6, 1.0, 1.6, 1.2, 1.6, 0.7, 0.7, 1.8, 0.95, 1.6, 1.6, 2.2, 1.6, 0.9, 0.8, 1.2, 0.9, 2.3, 2.3, 0.65, 0.95, 0.55, 1.2, 0.9, 1.5, 0.65, 2.0, 2.3, 1.2, 0.9, 1.8, 0.65, 1.2, 1.9, 1.1, 1.8, 2.1, 1.8, 1.6, 0.9, 1.0, 0.95, 0.9, 1.0, 0.6, 0.85, 1.6, 0.8, 0.8, 0.85, 1.4, 0.9, 0.9, 0.9, 1.6, 2.3, 0.6, 0.8, 0.5, 0.95, 2.0, 0.95, 1.0, 1.8, 0.75, 0.75, 1.2, 1.8, 1.8, 1.6, 2.2, 2.0, 1.2, 2.1, 0.7, 1.2, 1.4, 1.6, 1.4, 1.2, 0.55, 1.6, 1.0, 1.2, 1.4, 2.0, 1.1, 1.4, 0.9, 1.8, 1.6, 1.8, 2.2, 0.8, 1.5, 0.65, 2.1, 0.9, 2.3, 0.95, 1.4, 1.8, 1.2, 0.85, 2.0, 0.85, 1.2, 1.6, 1.7, 1.4, 1.0, 1.4, 1.8, 1.5, 1.2, 0.65, 0.65, 1.0, 0.4, 0.45, 1.3, 1.2, 0.9, 0.45, 1.6, 1.0, 1.2, 0.8, 0.55, 1.8, 0.75, 0.7, 0.6, 0.9, 2.2, 0.95, 0.9, 1.6, 0.75, 1.2, 1.4, 1.8, 1.2, 1.4, 2.2, 1.8, 1.6, 1.0, 0.35, 0.95, 0.95, 1.8, 1.6, 1.0, 1.1, 1.3, 1.0, 1.7, 1.6, 2.0, 1.4, 1.7, 2.1, 1.8, 0.95, 1.8, 2.2, 0.65];[0.04691146, 0.00332628, -0.05117469, 0.08675767, -0.06004836, -0.04505203, -0.14962015, -0.57941497, -0.18145353, 0.03184152, 0.05619903, 0.03195646, -0.03091846, -0.03184149, 0.2, 0.2, 0.1, 0.0, -0.02122918, -0.24739914, -0.31064515, -0.28980274, -0.04146138, -0.02273793, -0.00672087, -0.554841, -0.36817221, 0.05079403, 0.04794302, 0.06224688, 0.07247236, 0.07138382, 0.7, 0.7, 0.0, -0.1, 0.09721819, 0.21396195, 0.24655884, 0.15636804, -0.04435856, -0.05317171, -0.0540229, -0.57392084, -0.29376687, 0.08443072, 0.07703573, 0.07838014, 0.14645304, 0.14594728, 0.4, -0.3, -0.5, 0.0];0.061209299999973155;0.03923339999983
[3.04134244, -2.0, 0.96404592, 1.02332365, 1.05397287];False;[1.5, 0.65, 1.2, 0.6, 2.0, 0.8, 2.1, 2.0, 1.6, 1.0, 2.4, 0.9, 1.6, 1.8, 1.2, 1.9, 1.0, 1.8, 1.8, 1.0, 1.2, 0.7, 0.9, 0.9, 0.7, 0.8, 1.8, 0.85, 0.85, 0.95, 1.6, 0.75, 1.4, 1.3, 0.85, 2.3, 0.75, 0.45, 0.5, 0.95, 1.7, 1.6, 0.6, 1.9, 1.6, 1.6, 1.6, 1.6, 1.1, 1.6, 2.4, 2.2, 1.7, 1.6, 0.65, 0.7, 0.95, 1.8, 1.3, 0.35, 0.85, 1.9, 1.0, 1.6, 1.4, 2.0, 1.1, 0.95, 1.8, 1.2, 1.2, 1.7, 2.6, 0.7, 1.4, 0.35, 1.2, 1.0, 1.5, 2.0, 1.8, 2.3, 1.7, 0.9, 2.2, 0.5, 1.2, 1.8, 1.6, 1.3, 2.1, 1.1, 1.6, 1.4, 1.0, 0.95, 0.6, 1.6, 0.8, 0.95, 1.6, 0.75, 0.65, 1.6, 0.9, 1.2, 1.2, 0.75, 0.5, 2.3, 0.8, 0.85, 0.8, 0.65, 1.7, 1.6, 0.9, 1.4, 0.8, 1.2, 1.4, 1.4, 1.9, 2.0, 2.4, 2.2, 1.2, 1.8, 0.35, 0.8, 1.0, 1.9, 1.9, 0.6, 0.4, 1.6, 0.9, 1.2, 2.0, 2.0, 1.2, 1.6, 1.4, 1.6, 1.4, 2.2, 2.6, 1.0, 0.95, 0.65, 1.2, 0.8, 2.2, 0.95, 1.6, 2.2, 1.6, 0.75, 2.6, 0.65, 1.7, 1.3, 1.1, 1.6, 1.6, 1.8, 2.2, 1.0, 1.2, 1.0, 0.85, 1.6, 0.8, 0.6, 1.4, 1.0, 1.2, 1.4, 1.4, 0.75, 1.0, 0.85, 0.8, 1.6, 1.2, 0.3, 0.8, 0.85, 2.0, 1.6, 1.0, 1.4, 0.9, 2.0, 0.95, 1.8, 1.1, 1.8, 2.2, 1.7, 1.2, 1.8, 0.8, 0.7, 1.2, 1.2, 1.6, 0.85, 0.4, 1.4, 1.0, 1.1, 2.0, 1.8, 1.6, 1.6, 1.0, 1.6, 1.0, 2.2, 2.4, 0.55];[0.03396304, 0.16513312, 0.13414018, 0.18865598, -0.06743114, -0.10987102, -0.2197815, -0.33107983, -0.05205014, 0.04129105, 0.05494587, 0.00645547, -0.0936142, -0.09539589, 0.2, 0.7, 0.0, -0.4, 0.00387711, -0.01439107, -0.18244816, 0.11948187, 0.31029263, 0.22737252, 0.1578111, -0.43955782, -0.15008592, 0.02872662, 0.03168258, 0.04264783, -0.04843811, -0.05085206, 0.6, -0.3, 0.0, 0.4, 0.08702248, 0.08121548, 0.13542722, 0.02423036, 0.08123164, 0.0845205, 0.02976183, -0.36810144, 0.034054, 0.06008147, 0.0702291, 0.07142204, 0.05923293, 0.05753373, -0.4, 0.5, 0.6, 0.0];0.06148499999994783;0.03459759999987
[2.92075614, -4.0, 0.98036747, 0.93113281, 1.00925586];False;[1.2, 0.75, 1.2, 0.95, 2.2, 0.85, 1.6, 1.8, 1.7, 0.85, 2.0, 0.6, 1.2, 1.6, 1.4, 1.4, 1.0, 1.4, 2.2, 1.2, 1.5, 0.65, 0.95, 1.0, 0.6, 0.85, 1.4, 0.85, 0.8, 0.65, 1.0, 0.75, 0.95, 0.85, 0.9, 2.3, 1.2, 0.75, 0.8, 0.85, 2.2, 1.4, 0.85, 1.4, 0.75, 0.85, 1.2, 2.0, 1.2, 1.8, 2.0, 1.8, 1.1, 1.8, 0.8, 0.85, 1.2, 1.1, 1.9, 0.4, 0.7, 1.3, 0.95, 1.6, 0.75, 2.2, 1.4, 1.2, 0.9, 1.9, 1.4, 1.8, 2.6, 0.85, 1.5, 0.85, 1.6, 0.8, 2.0, 0.75, 1.4, 2.2, 1.1, 1.2, 2.4, 0.8, 1.2, 1.9, 1.2, 1.9, 1.2, 1.2, 2.0, 1.0, 1.2, 0.65, 0.7, 1.4, 0.65, 0.45, 1.4, 0.95, 1.0, 1.2, 1.9, 0.9, 1.4, 0.8, 0.95, 1.8, 0.65, 0.4, 0.4, 0.75, 2.0, 1.0, 0.55, 1.8, 0.75, 0.75, 1.0, 1.4, 1.2, 1.8, 2.0, 2.2, 1.2, 0.9, 0.6, 0.75, 1.4, 1.8, 1.4, 0.5, 0.6, 1.8, 1.5, 1.7, 0.75, 1.7, 1.6, 1.2, 0.85, 1.1, 1.6, 1.8, 2.0, 0.85, 1.4, 0.7, 1.1, 0.9, 1.5, 1.2, 1.3, 2.3, 1.4, 1.4, 1.8, 1.2, 1.2, 1.8, 1.6, 1.8, 1.2, 1.9, 1.8, 0.95, 1.0, 0.65, 0.6, 0.95, 0.35, 0.65, 1.9, 1.2, 0.65, 1.2, 0.95, 0.7, 1.6, 1.0, 0.65, 1.5, 0.85, 0.9, 0.6, 0.75, 2.3, 0.9, 0.7, 1.9, 0.85, 2.0, 1.8, 1.3, 1.2, 1.6, 2.2, 1.7, 1.6, 1.6, 0.55, 0.65, 0.95, 1.6, 1.4, 0.95, 0.95, 1.9, 1.4, 1.7, 1.4, 2.3, 1.7, 1.4, 1.6, 1.9, 1.7, 1.8, 2.0, 1.2];[0.05080217, -0.03553488, -0.09000521, 0.0445503, 0.05700343, 0.04586261, 0.09155927, -0.30403331, 0.0256407, 0.04710409, 0.05236142, 0.01453441, -0.0588554, -0.06054664, 0.4, 0.0, -0.4, -0.2, 0.02435196, -0.37710766, -0.34489484, -0.51739857, -0.16745624, -0.10621574, -0.07443763, -0.4943222, -0.51219342, 0.02066149, 0.05179927, 0.04813188, -0.03342734, -0.03442837, 0.7, 0.7, -0.5, -0.5, 0.10710096, 0.01764854, 0.17598352, -0.02161747, -0.10380333, -0.08343511, 0.01108358, -0.2725305, 0.03109973, 0.0614335, 0.04487362, 0.06679781, 0.0913652, 0.0907858, 0.6, 0.2, -0.5, -0.1];0.053074500000093394;0.029424300000073345
[2.86850078, -1.0, 0.92105574, 0.95987136, 0.98757367];False;[0.95, 0.55, 1.8, 0.45, 1.6, 1.4, 1.8, 1.8, 1.2, 0.9, 2.3, 1.0, 1.4, 1.6, 1.6, 1.3, 0.95, 1.4, 1.6, 1.4, 1.2, 0.75, 1.2, 1.4, 0.45, 0.8, 1.3, 0.8, 0.7, 1.2, 1.8, 0.85, 1.0, 0.85, 0.85, 1.5, 0.75, 0.7, 0.5, 0.9, 1.7, 1.2, 0.65, 1.8, 0.8, 2.0, 2.0, 1.8, 1.6, 1.4, 2.0, 1.7, 1.6, 2.1, 0.4, 0.8, 1.2, 1.6, 1.6, 0.8, 1.0, 1.4, 1.0, 1.6, 1.8, 1.8, 1.2, 0.95, 1.0, 1.1, 1.2, 2.0, 2.3, 0.9, 0.95, 0.45, 1.6, 0.9, 2.2, 0.55, 2.1, 2.0, 1.7, 0.95, 1.8, 0.55, 1.2, 1.4, 1.4, 1.6, 1.4, 1.8, 1.6, 1.2, 0.9, 0.75, 0.65, 1.8, 0.8, 0.5, 1.3, 0.85, 0.75, 0.75, 0.9, 1.3, 1.0, 1.3, 0.85, 1.6, 1.0, 0.5, 0.85, 0.8, 2.0, 1.2, 0.75, 1.4, 0.8, 1.4, 1.8, 1.4, 1.4, 1.4, 2.2, 1.8, 1.1, 1.0, 0.5, 1.3, 1.2, 1.4, 1.9, 0.6, 0.5, 1.4, 1.4, 1.2, 0.9, 2.3, 1.4, 1.2, 1.6, 1.4, 0.9, 2.2, 2.4, 0.6, 1.0, 0.85, 1.2, 0.6, 1.6, 0.85, 1.3, 2.0, 1.7, 1.0, 1.8, 0.8, 1.7, 1.4, 1.4, 1.8, 1.0, 1.4, 2.2, 1.0, 1.2, 0.55, 0.8, 2.0, 0.45, 0.45, 1.3, 0.7, 0.65, 1.4, 1.4, 0.8, 1.4, 0.85, 1.6, 2.3, 1.2, 0.85, 0.65, 0.8, 2.0, 1.4, 0.5, 1.4, 0.7, 0.85, 2.0, 1.6, 1.4, 2.0, 2.4, 1.7, 1.4, 1.4, 0.5, 1.0, 1.6, 1.6, 1.8, 0.8, 0.45, 1.6, 0.95, 1.4, 0.7, 1.7, 1.6, 1.6, 1.0, 1.6, 0.95, 1.7, 2.4, 0.7];[0.05147787, -0.14887755, -0.20287787, -0.12512841, -0.15910292, -0.11150206, -0.17750611, -0.28583066, -0.01437571, 0.03777331, 0.04577562, 0.03018654, -0.03220897, -0.03349163, 0.2, -0.3, -0.2, 0.0, 0.05042249, -0.2108254, -0.31026388, -0.29236055, 0.22894711, 0.16406069, 0.0908681, -0.50793625, -0.31084499, 0.02918868, 0.03236514, 0.03729606, -0.04027082, -0.04176241, 0.2, 0.2, 0.0, 0.2, 0.11546914, -0.13381953, -0.09956063, -0.02652341, 0.05804582, 0.00699014, -0.01613202, -0.12610182, 0.07882748, 0.06703625, 0.05881504, 0.07373757, 0.07864961, 0.07770999, -0.3, 0.4, 0.3, 0.0];0.05944199999999;0.036144900000181224
[3.03927593, -1.0, 1.02229842, 1.01109156, 1.00588596];False;[0.95, 0.75, 1.8, 0.55, 2.2, 1.8, 1.3, 2.2, 1.7, 1.2, 2.4, 0.55, 1.6, 1.3, 1.7, 1.9, 0.95, 1.9, 2.0, 1.4, 0.95, 0.95, 0.55, 1.0, 0.8, 0.5, 1.3, 0.7, 0.65, 0.6, 1.6, 1.2, 1.7, 1.3, 0.85, 2.0, 0.85, 0.8, 0.85, 0.75, 2.2, 1.4, 0.55, 1.4, 1.4, 1.8, 1.8, 1.8, 1.9, 1.6, 2.2, 1.8, 1.6, 0.9, 0.8, 1.3, 0.95, 1.6, 1.8, 1.2, 0.95, 1.8, 0.95, 1.7, 0.95, 2.0, 1.4, 1.0, 0.95, 1.2, 1.6, 2.2, 2.2, 0.65, 1.4, 0.75, 1.8, 0.9, 2.2, 1.8, 2.0, 2.2, 1.4, 0.85, 2.0, 0.8, 1.2, 1.8, 1.7, 1.8, 2.0, 1.9, 2.0, 1.5, 1.5, 0.55, 0.55, 1.4, 0.3, 0.6, 1.4, 0.9, 0.85, 1.2, 1.0, 0.75, 1.7, 0.8, 0.45, 1.6, 0.75, 0.6, 0.75, 0.75, 2.0, 1.7, 1.0, 1.8, 1.4, 2.1, 2.0, 1.8, 1.8, 2.0, 2.0, 2.0, 1.7, 1.6, 0.35, 1.0, 1.6, 1.8, 1.9, 0.5, 0.4, 1.8, 0.95, 1.1, 1.0, 2.0, 1.4, 1.6, 0.85, 1.4, 0.9, 2.0, 2.6, 0.6, 1.2, 0.35, 1.6, 0.8, 2.0, 1.6, 1.6, 1.8, 1.6, 1.5, 1.8, 0.95, 1.2, 1.6, 1.1, 1.6, 1.2, 1.2, 2.0, 1.2, 1.0, 0.9, 0.95, 0.95, 0.75, 0.45, 1.4, 1.0, 0.7, 1.0, 1.2, 1.2, 1.4, 0.8, 0.85, 1.8, 0.85, 0.85, 0.7, 1.2, 2.2, 1.7, 0.7, 1.4, 0.7, 1.0, 1.4, 1.6, 1.1, 1.6, 2.3, 2.2, 1.6, 1.2, 0.4, 1.0, 1.6, 1.8, 1.4, 1.0, 0.9, 1.6, 1.4, 1.6, 0.9, 1.8, 1.2, 1.2, 0.75, 1.6, 1.4, 1.7, 2.2, 0.95];[0.05458117, -0.02952152, -0.12147061, 0.05864972, 0.06278769, 0.03768577, -0.0203595, -0.4249342, -0.2584185, 0.04458089, 0.04228298, 0.06286002, 0.07864114, 0.07811518, -0.3, 0.2, -0.1, 0.0, -0.02979836, -0.21312831, -0.34388013, -0.29979251, 0.08686907, 0.06032344, 0.02074244, -0.16313605, -0.10330018, 0.03602862, 0.05513165, 0.06126692, -0.03012189, -0.03109589, 0.6, 0.1, 0.1, 0.6, 0.08462706, -0.01298484, 0.02443248, -0.06905771, -0.02429333, -0.05645981, -0.00998743, -0.24178035, 0.07794832, 0.06789281, 0.0473582, 0.06365238, 0.11867087, 0.1179049, 0.4, 0.5, -0.4, -0.5];0.0636463000000731;0.036768700000038734
[2.94878852, -3.0, 0.96890178, 0.97974368, 1.00014305];False;[1.4, 0.35, 1.2, 0.6, 1.6, 2.0, 2.0, 2.2, 1.4, 1.2, 2.3, 0.8, 1.7, 1.4, 1.1, 1.4, 2.0, 1.1, 1.5, 1.2, 1.4, 0.8, 0.7, 0.95, 0.85, 0.85, 1.4, 0.8, 1.0, 0.45, 1.4, 1.2, 1.0, 0.95, 1.4, 2.2, 0.8, 0.75, 0.55, 1.0, 2.3, 1.4, 0.75, 1.4, 0.8, 0.9, 1.6, 1.3, 1.4, 2.0, 2.6, 2.3, 1.2, 1.8, 0.85, 0.95, 1.0, 1.8, 1.8, 0.6, 0.45, 1.4, 1.5, 1.7, 0.8, 2.2, 1.2, 0.95, 1.6, 1.9, 1.0, 1.7, 2.0, 0.75, 1.5, 0.35, 1.1, 0.75, 1.6, 0.95, 1.6, 2.2, 1.6, 1.4, 2.3, 0.55, 1.1, 1.8, 1.4, 1.3, 1.8, 1.8, 2.3, 1.5, 1.0, 1.0, 0.9, 1.2, 0.7, 0.5, 1.8, 0.7, 0.8, 0.9, 1.4, 1.3, 1.6, 1.2, 1.2, 2.2, 0.65, 0.5, 0.6, 0.9, 1.8, 1.7, 0.6, 1.8, 0.85, 0.75, 0.95, 1.6, 1.2, 1.8, 2.4, 1.7, 1.2, 1.4, 0.75, 0.95, 1.2, 1.4, 1.6, 0.7, 0.9, 1.3, 1.2, 1.2, 0.8, 2.2, 1.4, 0.95, 2.1, 1.2, 1.2, 2.2, 2.0, 0.95, 1.0, 0.9, 2.0, 0.35, 1.8, 0.6, 2.0, 1.7, 1.2, 1.4, 2.0, 0.75, 1.6, 1.9, 1.7, 1.8, 1.2, 1.8, 1.6, 1.5, 1.2, 0.8, 0.6, 1.2, 0.5, 1.0, 1.6, 1.0, 0.9, 0.75, 1.8, 1.3, 1.4, 0.8, 0.7, 2.2, 0.7, 0.6, 0.3, 0.65, 1.7, 1.4, 0.85, 1.3, 1.6, 0.9, 1.2, 2.0, 1.4, 1.8, 2.4, 2.3, 1.2, 1.6, 0.75, 1.2, 0.9, 1.8, 1.3, 0.4, 0.75, 1.8, 0.95, 1.6, 0.7, 2.0, 1.6, 0.95, 1.4, 1.6, 1.2, 2.0, 2.3, 1.0];[0.03281564, 0.11830816, 0.04514737, 0.12599194, 0.10996941, 0.07417393, 0.10138409, -0.23142624, -0.00940695, 0.03893838, 0.02595419, 0.00831041, -0.07919101, -0.08034097, -0.3, 0.3, 0.0, -0.6, -0.03716521, -0.07955057, -0.22289777, -0.13260918, 0.20421379, 0.14186276, 0.08919917, -0.508473, -0.25455906, 0.0282379, 0.03376875, 0.0585156, -0.03285509, -0.03436034, 0.7, -0.1, -0.1, 0.2, 0.11083738, 0.33164304, 0.41857568, 0.18745226, -0.1147443, -0.06995134, -0.05482546, -0.52768664, -0.11176118, 0.0618005, 0.06468596, 0.08613091, 0.0451461, 0.04574833, 0.3, 0.1, 0.0, 0.1];0.07669629999986682;0.05123479999997471
[2.93893534, -4.0, 1.02241007, 0.94476001, 0.97176526];False;[1.2, 0.9, 1.4, 0.5, 1.8, 1.0, 1.4, 2.2, 1.6, 1.5, 1.7, 0.7, 1.7, 1.6, 1.6, 1.8, 1.4, 1.8, 1.6, 1.5, 1.4, 0.5, 0.55, 1.6, 0.9, 0.4, 1.9, 0.8, 0.95, 0.5, 1.0, 0.9, 1.2, 0.8, 1.0, 2.0, 0.8, 0.6, 0.8, 0.95, 2.3, 0.95, 0.85, 1.8, 1.4, 1.2, 1.2, 2.0, 1.1, 1.8, 2.3, 1.8, 1.4, 1.6, 0.35, 0.9, 1.4, 1.1, 1.9, 0.95, 0.9, 1.8, 1.2, 1.6, 1.2, 2.2, 1.1, 1.2, 0.85, 1.6, 1.6, 2.3, 2.2, 0.7, 1.4, 0.3, 2.1, 0.55, 1.8, 0.7, 2.0, 2.2, 1.7, 0.75, 2.2, 1.3, 1.4, 1.6, 1.7, 1.6, 2.0, 1.2, 1.8, 1.2, 1.0, 0.65, 0.95, 0.9, 0.55, 0.6, 1.3, 0.7, 0.7, 0.7, 1.8, 0.95, 1.0, 0.8, 1.6, 1.6, 0.75, 0.55, 0.45, 0.8, 2.0, 1.0, 0.6, 1.4, 0.85, 1.2, 1.6, 1.8, 1.8, 1.4, 2.6, 2.0, 1.4, 2.0, 0.75, 1.0, 1.0, 1.2, 1.8, 0.7, 0.45, 1.8, 1.4, 1.7, 0.9, 1.8, 1.6, 1.2, 1.2, 1.2, 0.95, 1.7, 2.2, 1.0, 1.5, 0.55, 1.4, 0.45, 1.5, 0.9, 1.6, 1.8, 1.4, 1.2, 2.0, 0.55, 1.6, 1.6, 1.1, 1.4, 1.4, 1.9, 2.0, 1.4, 1.2, 0.8, 0.9, 1.6, 0.45, 0.95, 1.4, 0.8, 0.75, 0.9, 1.6, 0.6, 1.2, 0.75, 0.75, 2.0, 0.8, 0.55, 0.9, 0.65, 1.8, 1.0, 0.7, 1.6, 1.6, 1.2, 2.1, 1.6, 1.6, 2.0, 2.2, 2.3, 1.4, 0.95, 0.4, 0.8, 0.95, 1.9, 1.6, 0.6, 0.7, 1.6, 0.95, 1.7, 1.8, 2.2, 1.4, 0.95, 0.85, 1.8, 1.0, 1.7, 2.6, 0.6];[0.04534131, 0.16356336, 0.07206902, 0.17592454, 0.08709482, 0.13034996, 0.18160204, -0.27715744, -0.12830303, 0.03943985, 0.04206471, 0.04856296, 0.03744935, 0.03655058, -0.1, 0.2, 0.1, 0.0, 0.09985829, -0.24046232, -0.30662896, -0.33556832, 0.14430476, 0.09290841, 0.03531956, -0.12672099, 0.00486278, 0.01898415, 0.03332794, 0.03238326, -0.0450633, -0.04636043, 0.2, -0.1, -0.3, 0.0, 0.11317124, 0.01364947, 0.00313899, 0.07503446, -0.08088132, -0.09835837, -0.07414828, -0.2555193, -0.01127701, 0.04872698, 0.05938074, 0.06375127, 0.01238917, 0.01196095, 0.0, 0.3, -0.1, -0.6];0.05882310000015423;0.037202100000058635
[2.95978145, -0.0, 0.97741104, 0.98405731, 0.99831309];False;[0.95, 0.4, 2.0, 0.8, 1.5, 1.6, 2.0, 2.3, 1.6, 0.9, 2.0, 0.8, 1.2, 1.3, 1.6, 1.4, 2.0, 1.6, 2.3, 0.9, 1.0, 0.95, 1.0, 0.95, 0.75, 0.85, 1.9, 0.95, 1.0, 1.2, 1.9, 0.9, 1.0, 0.8, 0.4, 1.8, 0.7, 0.85, 0.4, 0.9, 2.0, 1.7, 0.8, 1.3, 1.6, 0.85, 0.95, 1.4, 1.6, 1.6, 2.2, 1.8, 1.7, 1.8, 0.4, 0.95, 1.4, 1.6, 1.3, 0.5, 0.7, 1.3, 0.95, 1.4, 2.0, 2.2, 1.2, 1.4, 0.85, 1.8, 1.0, 2.2, 2.2, 0.85, 1.4, 0.9, 1.4, 0.7, 2.2, 0.5, 2.1, 2.3, 1.6, 1.2, 2.6, 0.85, 1.1, 1.9, 1.2, 1.4, 1.0, 1.2, 1.6, 0.9, 1.4, 1.0, 0.65, 1.4, 0.55, 0.45, 1.9, 0.8, 0.85, 0.6, 1.6, 0.95, 1.0, 0.9, 1.0, 2.0, 0.75, 0.65, 0.75, 0.8, 1.8, 0.95, 0.75, 1.9, 1.2, 1.2, 1.6, 1.3, 1.1, 1.8, 2.4, 1.8, 1.4, 1.8, 0.7, 1.2, 1.7, 1.4, 1.8, 0.45, 0.45, 1.4, 1.5, 1.1, 0.85, 1.7, 1.7, 1.0, 0.7, 1.1, 1.6, 2.0, 2.6, 0.9, 0.9, 0.9, 2.0, 0.6, 2.0, 0.7, 2.0, 1.7, 1.2, 0.75, 2.2, 0.7, 1.7, 1.4, 1.2, 1.9, 1.8, 1.6, 1.6, 1.0, 1.4, 0.95, 1.0, 1.4, 0.55, 0.6, 1.8, 0.6, 0.8, 0.5, 0.9, 0.8, 1.7, 0.7, 0.55, 2.0, 0.8, 0.6, 0.4, 1.0, 1.8, 0.9, 1.0, 1.4, 0.95, 1.4, 1.6, 2.0, 1.4, 1.4, 2.0, 2.3, 1.7, 1.4, 0.8, 0.85, 1.6, 1.2, 1.8, 0.4, 0.7, 1.6, 0.9, 1.4, 1.0, 1.7, 1.4, 1.0, 0.8, 1.6, 1.7, 2.2, 2.4, 0.85];[0.0526087, 0.02478521, 0.00202675, 0.02717365, -0.00312407, -0.01905434, -0.11466756, -0.43962064, -0.13090074, 0.04535041, 0.04581461, 0.00283794, -0.09738445, -0.098856, 0.1, -0.2, -0.2, 0.2, -0.00391688, -0.21937177, -0.34238731, -0.57922298, 0.18513788, 0.14289045, 0.11970996, -0.1941335, -0.24290769, 0.03679531, 0.05697035, 0.0535637, -0.00927913, -0.0106856, 0.8, 0.2, 0.0, 0.1, 0.09783555, -0.07231203, 0.07635907, -0.13906895, -0.05333549, 0.00071218, 0.06492533, -0.55432618, -0.22559421, 0.06125104, 0.06537376, 0.07506924, 0.07201115, 0.07231162, -0.3, 0.7, 0.3, -0.2];0.05554619999998067;0.03535620000002382
[2.85308774, -5.0, 0.93848258, 0.98527273, 0.92933243];False;[0.95, 0.35, 1.1, 0.55, 1.8, 1.6, 1.8, 1.7, 1.4, 1.4, 1.8, 0.55, 1.4, 1.8, 1.2, 1.9, 0.95, 1.9, 1.6, 0.95, 0.9, 0.9, 0.9, 1.4, 0.4, 0.6, 1.6, 1.2, 0.65, 0.45, 1.0, 0.95, 1.7, 1.0, 0.65, 2.2, 1.0, 0.7, 0.45, 0.65, 2.2, 0.95, 0.6, 1.4, 0.75, 0.8, 2.0, 1.4, 1.8, 1.3, 2.3, 2.3, 1.4, 1.2, 0.6, 0.7, 1.7, 1.8, 1.9, 0.75, 0.8, 1.8, 1.2, 1.2, 1.6, 1.8, 1.2, 1.6, 1.2, 1.6, 1.2, 2.2, 2.6, 1.2, 1.2, 0.5, 1.4, 0.45, 1.5, 1.6, 1.6, 1.8, 1.4, 1.5, 2.3, 1.3, 1.6, 1.6, 1.1, 1.3, 1.8, 1.8, 1.6, 1.4, 1.0, 0.85, 0.55, 0.95, 0.85, 0.45, 1.4, 0.95, 1.0, 0.5, 1.4, 0.6, 0.95, 0.85, 0.85, 2.0, 0.6, 0.85, 0.75, 0.95, 2.2, 1.6, 0.5, 1.4, 0.8, 0.8, 1.2, 1.8, 1.1, 1.6, 2.3, 1.8, 1.4, 1.2, 0.45, 0.95, 1.2, 1.8, 1.6, 0.8, 0.3, 1.6, 1.4, 1.1, 1.6, 2.0, 1.7, 0.95, 0.95, 1.9, 1.6, 2.2, 2.4, 0.85, 1.2, 0.6, 1.6, 0.55, 1.5, 1.6, 1.4, 1.7, 1.2, 0.95, 2.2, 0.65, 1.4, 1.8, 1.6, 1.4, 1.0, 1.1, 1.6, 1.4, 1.0, 0.6, 0.6, 0.9, 0.35, 0.4, 1.4, 0.7, 0.65, 1.2, 1.6, 0.95, 1.4, 1.2, 1.8, 2.2, 0.8, 0.4, 0.3, 0.8, 2.2, 1.4, 1.0, 1.4, 1.0, 2.0, 0.9, 1.8, 1.6, 1.6, 2.4, 2.2, 1.2, 2.1, 0.35, 0.9, 1.0, 1.4, 1.3, 0.95, 0.95, 1.6, 0.95, 1.2, 0.8, 2.0, 1.2, 0.9, 0.9, 1.4, 0.95, 2.2, 2.3, 0.55];[0.02954796, 0.00099125, -0.06910442, 0.09118191, -0.04951206, -0.00227648, 9.389e-05, -0.60754193, -0.26463332, 0.04036678, 0.0514406, 0.02164497, -0.04012489, -0.04097254, 0.4, 0.7, 0.2, 0.0, 0.03633962, -0.21364161, -0.37605919, -0.15637664, -0.02099872, 0.01375187, 0.03142399, -0.22925221, -0.14444758, 0.03402929, 0.03873883, 0.03942576, -0.02742032, -0.02850148, 0.0, 0.2, 0.5, 0.0, 0.1124462, 0.12428043, 0.18987082, -0.2098557, -0.1700126, -0.09547233, -0.12232939, -0.5302572, -0.04775469, 0.06812084, 0.05455944, 0.07989106, 0.0986262, 0.09844291, 0.4, -0.2, 0.2, 0.4];0.05014989999995123;0.030849700000089797
[3.00691247, -3.0, 0.95371461, 1.01488164, 1.03831623];False;[1.5, 0.5, 2.1, 0.35, 2.2, 1.2, 2.0, 2.2, 1.2, 0.95, 2.4, 0.6, 1.4, 1.4, 1.4, 1.6, 1.6, 1.8, 1.5, 1.0, 1.0, 0.55, 0.6, 1.8, 0.55, 0.5, 1.6, 0.65, 0.65, 1.6, 0.95, 0.85, 1.4, 1.0, 0.75, 2.3, 0.9, 0.9, 0.55, 0.75, 1.8, 0.9, 0.8, 1.9, 0.7, 0.85, 2.1, 1.6, 1.8, 1.8, 2.0, 2.0, 1.7, 1.8, 0.45, 0.95, 1.6, 1.6, 1.8, 1.3, 1.1, 1.6, 1.2, 1.2, 0.8, 2.0, 1.2, 1.6, 2.1, 1.4, 0.9, 1.7, 2.4, 0.8, 0.9, 0.75, 2.1, 0.6, 2.0, 0.75, 2.0, 2.0, 1.7, 1.2, 2.4, 1.2, 1.7, 1.9, 1.4, 1.4, 1.4, 1.6, 1.8, 0.9, 1.4, 0.6, 1.2, 1.8, 0.5, 0.75, 1.4, 0.85, 1.2, 0.85, 1.2, 1.0, 0.95, 0.8, 0.6, 1.8, 0.95, 0.65, 0.5, 0.65, 2.0, 0.9, 1.1, 1.4, 1.0, 2.0, 0.95, 2.0, 1.4, 1.8, 2.6, 1.7, 1.6, 1.6, 0.6, 0.9, 0.95, 1.6, 1.9, 0.45, 0.4, 1.9, 1.2, 1.4, 1.8, 1.8, 1.7, 1.4, 2.0, 1.8, 1.0, 2.2, 2.3, 0.7, 1.5, 0.75, 1.6, 0.55, 1.6, 0.75, 1.8, 1.7, 1.6, 1.5, 2.6, 0.95, 1.2, 1.4, 1.7, 1.3, 2.0, 1.4, 2.3, 0.95, 1.5, 0.8, 0.8, 1.0, 0.7, 0.7, 1.9, 0.9, 0.95, 1.0, 1.4, 0.7, 0.9, 0.9, 1.0, 1.8, 1.0, 0.8, 0.85, 0.65, 2.0, 0.9, 0.55, 1.4, 1.6, 2.1, 1.8, 2.1, 1.9, 1.8, 2.4, 1.8, 1.7, 1.8, 0.7, 0.95, 1.0, 1.4, 1.4, 0.9, 0.9, 1.3, 1.5, 1.2, 0.9, 1.8, 1.4, 1.2, 1.6, 1.2, 0.95, 1.7, 2.0, 1.0];[0.0378315, -0.08582154, -0.20610819, 0.02929951, -0.09014505, -0.09478711, -0.15426746, -0.37291611, -0.13799365, 0.04232478, 0.03518458, 0.0736239, 0.09611556, 0.0961921, 0.0, 0.2, 0.2, 0.2, 0.06256896, -0.03796177, -0.13017669, 0.23429322, 0.24234735, 0.1797277, 0.10908321, -0.05621118, 0.04507816, 0.02680798, 0.05426432, 0.04532875, -0.04208589, -0.04334055, 0.2, 0.0, 0.3, 0.0, 0.07334512, 0.09796496, 0.23880263, 0.05309576, -0.02382746, -0.05338642, -0.07400248, -0.19772829, 0.14840455, 0.06679359, 0.06302697, 0.07103047, 0.09724682, 0.09692061, 0.2, -0.4, 0.0, 0.5];0.06421139999997649;0.03907840000010765
[2.93675634, -6.0, 0.97777152, 0.9242088, 1.03477602];False;[0.9, 0.9, 1.6, 0.95, 2.2, 2.1, 2.0, 2.0, 1.2, 0.95, 2.6, 0.7, 1.4, 1.8, 1.4, 1.4, 1.2, 1.4, 2.2, 0.95, 1.2, 0.55, 0.8, 1.6, 0.75, 0.55, 1.4, 0.9, 0.85, 0.65, 1.0, 0.75, 1.4, 0.7, 0.45, 2.2, 0.7, 0.85, 0.75, 1.0, 2.0, 1.4, 0.65, 1.6, 0.7, 1.8, 0.95, 2.0, 1.6, 1.4, 2.4, 2.2, 1.7, 1.8, 0.85, 0.75, 1.2, 1.4, 1.4, 0.6, 1.0, 1.3, 1.5, 1.6, 0.85, 2.0, 1.6, 1.0, 1.0, 1.4, 1.2, 2.0, 2.0, 1.2, 1.0, 0.6, 1.8, 0.9, 2.2, 0.6, 2.0, 1.8, 1.2, 0.85, 2.3, 0.85, 1.6, 1.6, 1.2, 1.4, 0.95, 1.2, 2.0, 1.0, 0.95, 0.85, 0.95, 0.95, 0.75, 0.75, 1.6, 0.6, 0.6, 0.5, 1.6, 0.7, 1.7, 1.0, 0.55, 2.0, 0.7, 0.55, 0.55, 0.6, 2.0, 1.4, 0.8, 1.4, 1.2, 0.8, 1.8, 2.0, 1.2, 2.0, 2.4, 1.8, 1.2, 1.2, 0.55, 0.7, 1.7, 1.4, 1.4, 0.9, 0.75, 1.8, 0.95, 1.2, 0.7, 2.0, 1.2, 1.4, 0.8, 1.1, 1.0, 2.0, 2.2, 0.6, 1.4, 0.65, 1.1, 0.75, 2.3, 2.0, 1.8, 2.2, 1.2, 1.2, 2.4, 0.55, 1.4, 1.3, 1.1, 1.4, 1.4, 1.2, 1.8, 1.4, 0.95, 0.95, 0.7, 1.2, 0.85, 0.85, 1.6, 0.95, 0.8, 0.95, 1.8, 0.9, 1.4, 0.95, 1.4, 1.6, 0.9, 0.75, 0.8, 1.0, 1.8, 0.9, 1.0, 1.4, 0.95, 1.0, 1.8, 2.0, 1.9, 1.4, 2.0, 1.8, 1.6, 1.0, 0.85, 1.2, 0.95, 1.4, 1.3, 1.0, 0.5, 1.8, 1.5, 1.7, 0.85, 2.0, 1.6, 1.4, 1.8, 1.4, 1.0, 2.0, 2.6, 1.2];[0.04518541, -0.01742098, -0.02577664, 0.01124514, -0.22815406, -0.18928897, -0.30917399, -0.23034126, -0.10712044, 0.04482786, 0.04251212, 0.03268191, -0.00223215, -0.00382311, 0.4, 0.0, -0.2, -0.2, 0.06318691, -0.3276092, -0.45325083, -0.79807253, -0.17662018, -0.11844863, -0.11664464, -0.16059782, -0.28911883, 0.04266569, 0.04698801, 0.04732672, 0.02196792, 0.02125739, 0.0, 0.2, 0.4, 0.0, 0.10110469, 0.07362585, 0.10249209, 0.0498341, -0.0782998, -0.05630985, -0.07873224, -0.5550501, -0.10462489, 0.04504895, 0.02313409, 0.03426752, 0.07873827, 0.07746082, -0.1, 0.3, -0.3, -0.6];0.061041700000032506;0.037332100000185164
[2.94833638, -2.0, 0.95578196, 0.99105204, 1.00150238];False;[1.4, 0.3, 2.1, 0.45, 1.8, 0.8, 1.3, 1.7, 1.4, 0.95, 1.7, 1.2, 1.1, 1.9, 1.6, 1.6, 1.0, 1.6, 2.2, 1.2, 1.2, 0.8, 0.6, 1.8, 0.8, 0.7, 1.3, 1.2, 0.7, 0.95, 1.4, 1.3, 1.6, 0.8, 0.55, 1.6, 0.75, 0.75, 0.55, 0.8, 2.2, 1.0, 1.0, 1.3, 0.8, 1.0, 2.0, 2.1, 1.4, 1.4, 2.3, 2.3, 1.2, 1.2, 0.5, 0.65, 1.6, 1.8, 1.6, 0.85, 0.4, 1.3, 1.0, 1.2, 1.4, 1.8, 1.7, 0.9, 1.8, 1.4, 1.4, 1.8, 2.2, 1.0, 0.9, 0.9, 2.1, 0.8, 2.3, 1.4, 1.3, 2.3, 1.2, 0.95, 1.8, 1.0, 1.4, 1.3, 1.6, 1.4, 1.0, 1.4, 1.8, 1.0, 1.2, 0.8, 0.9, 0.95, 0.6, 1.0, 1.6, 1.2, 0.95, 0.9, 1.8, 0.95, 1.4, 1.2, 1.8, 1.6, 0.7, 0.85, 0.65, 0.65, 2.0, 1.4, 0.7, 1.9, 0.85, 0.95, 1.4, 1.8, 1.6, 1.3, 2.3, 2.2, 1.6, 1.4, 0.55, 0.7, 0.9, 1.9, 1.6, 0.95, 1.0, 1.9, 0.9, 1.6, 0.9, 2.0, 1.6, 1.7, 0.9, 1.8, 1.0, 1.7, 2.3, 1.0, 1.0, 0.75, 1.6, 0.35, 2.2, 0.85, 2.0, 2.2, 1.7, 1.0, 1.8, 0.7, 1.6, 1.6, 1.4, 1.3, 1.6, 1.2, 2.0, 1.2, 1.2, 0.5, 0.75, 1.8, 0.7, 0.65, 1.8, 0.85, 0.85, 0.95, 1.4, 0.65, 1.2, 0.7, 1.9, 2.3, 0.75, 0.6, 0.4, 0.95, 1.7, 1.6, 0.5, 1.6, 1.7, 1.2, 1.6, 2.0, 1.8, 1.6, 2.4, 2.2, 1.2, 2.0, 0.6, 0.6, 1.2, 1.2, 1.3, 0.95, 0.45, 1.6, 0.9, 1.6, 0.8, 1.7, 1.4, 1.4, 1.6, 1.2, 1.6, 1.8, 2.3, 0.9];[0.01586427, 0.07764319, 0.01392136, 0.05353395, -0.09521097, -0.13475187, -0.24023074, -0.48205708, -0.16311714, 0.0426885, 0.07499787, 0.02080653, -0.05390921, -0.0540878, 0.8, 0.0, -0.1, 0.4, 0.08704053, -0.20568291, -0.26793834, -0.19307086, -0.00207767, -0.01183823, -0.0410663, -0.10128018, -0.06858874, 0.04248323, 0.05721264, 0.03095498, 0.03549339, 0.03585769, -0.1, -0.2, -0.2, 0.0, 0.1046849, 0.16778629, 0.28613878, 0.04961441, -0.02149632, -0.03207334, 0.00396859, -0.33344218, 0.19986439, 0.0583013, 0.06157659, 0.06495178, 0.10248845, 0.10120276, 0.0, -0.1, 0.0, -0.2];0.060327599999936865;0.029692900000100053
[2.91311884, -7.0, 0.9633892, 0.93368396, 1.01604568];False;[1.4, 0.35, 2.0, 0.4, 1.6, 1.0, 1.6, 1.8, 1.4, 0.95, 1.8, 0.7, 1.6, 1.4, 1.4, 1.6, 1.8, 1.6, 1.5, 1.2, 0.95, 0.6, 0.75, 2.0, 0.6, 0.75, 1.4, 0.9, 0.95, 0.4, 1.2, 0.75, 1.2, 1.2, 0.6, 2.2, 0.6, 0.9, 0.9, 1.2, 1.8, 1.0, 0.9, 1.4, 1.2, 0.75, 1.0, 1.8, 1.8, 2.0, 2.4, 2.2, 1.4, 1.2, 0.9, 0.75, 0.9, 1.6, 1.8, 0.6, 0.4, 1.4, 0.95, 1.4, 0.9, 2.2, 1.4, 1.6, 0.9, 1.4, 1.0, 1.8, 2.4, 1.2, 1.2, 0.5, 2.0, 0.7, 1.6, 0.65, 1.6, 1.8, 1.4, 0.85, 1.8, 0.8, 1.1, 1.3, 1.6, 1.8, 1.0, 1.2, 2.0, 0.95, 1.0, 0.6, 0.6, 1.2, 0.75, 0.85, 1.6, 1.2, 0.7, 1.4, 1.0, 0.85, 1.4, 1.2, 1.9, 2.0, 0.6, 0.8, 0.3, 0.75, 1.8, 1.4, 0.8, 1.3, 0.75, 1.0, 1.0, 2.0, 1.8, 2.0, 2.4, 2.2, 1.4, 1.4, 0.65, 0.85, 0.95, 1.2, 1.8, 0.55, 0.7, 1.6, 0.95, 1.4, 1.0, 1.8, 1.1, 1.2, 1.2, 1.6, 1.2, 2.0, 2.0, 0.95, 1.4, 0.7, 1.8, 0.45, 1.8, 0.9, 1.6, 1.8, 1.1, 1.2, 2.4, 1.3, 1.6, 1.8, 1.4, 1.6, 1.0, 1.8, 2.0, 0.95, 1.5, 0.65, 1.0, 1.2, 0.85, 0.75, 1.6, 0.75, 0.95, 1.6, 1.4, 0.9, 1.6, 1.2, 0.9, 1.8, 1.0, 0.45, 0.75, 0.85, 1.8, 1.6, 0.95, 1.9, 1.2, 0.95, 0.95, 2.1, 1.8, 1.6, 2.4, 2.0, 1.1, 1.2, 0.4, 1.0, 1.2, 1.4, 1.8, 0.7, 0.6, 1.4, 1.4, 1.2, 0.8, 1.8, 1.2, 0.9, 1.2, 1.8, 0.9, 1.8, 2.3, 0.95];[0.0415717, 0.06181918, -0.04362118, 0.07512297, -0.03061273, -0.03438711, -0.0635227, -0.34553352, -0.14201776, 0.04874851, 0.0476966, 0.00982172, -0.09316885, -0.09391329, -0.2, 0.2, 0.2, 0.0, 0.09316068, -0.18654494, -0.25294048, -0.28199527, -0.02213252, 6.967e-05, -0.00317222, -0.0612052, -0.02757545, 0.02085872, 0.04498252, 0.03954324, -0.04152858, -0.04315223, 0.2, 0.2, -0.3, 0.2, 0.08674473, 0.22407188, 0.33485542, 0.07222704, -0.05390285, -0.0657308, -0.07391559, -0.62567576, -0.07228438, 0.0632765, 0.07100406, 0.08423404, 0.04967042, 0.04938595, 0.2, 0.2, 0.4, 0.2];0.05502169999999751;0.028609899999992194
[2.92625374, -1.0, 0.88733812, 0.98016382, 1.0587518];False;[0.95, 0.6, 1.2, 0.7, 1.5, 0.7, 1.6, 2.2, 1.1, 0.95, 1.8, 0.6, 1.7, 1.8, 1.6, 1.4, 0.95, 1.6, 2.0, 0.95, 0.9, 0.7, 0.85, 0.9, 0.3, 0.75, 1.4, 0.75, 0.8, 0.8, 0.95, 0.7, 1.6, 0.9, 0.55, 2.0, 0.65, 0.5, 0.6, 0.7, 1.7, 1.2, 0.9, 1.8, 0.8, 0.95, 1.6, 2.0, 1.1, 2.0, 2.3, 2.2, 1.6, 0.9, 0.75, 1.2, 1.4, 1.6, 1.4, 0.65, 0.35, 1.4, 1.4, 1.1, 0.85, 2.2, 1.6, 1.4, 0.75, 1.2, 0.9, 2.0, 2.2, 0.6, 1.2, 0.55, 1.8, 0.6, 2.0, 0.8, 1.8, 1.8, 1.6, 1.0, 2.0, 0.9, 1.6, 1.4, 1.2, 1.3, 1.8, 1.4, 1.8, 0.95, 1.2, 1.1, 1.2, 0.9, 0.9, 0.8, 1.6, 1.2, 0.9, 0.7, 1.9, 0.95, 0.95, 1.0, 1.2, 2.0, 0.8, 0.5, 0.5, 0.65, 2.2, 1.0, 0.85, 1.9, 0.75, 0.95, 1.4, 2.0, 1.6, 1.3, 2.4, 1.8, 1.7, 1.6, 0.6, 0.65, 0.9, 1.1, 1.9, 0.9, 0.6, 1.4, 1.2, 1.4, 2.0, 2.0, 1.6, 0.95, 1.0, 1.6, 1.2, 1.8, 2.2, 1.0, 1.0, 0.4, 1.6, 0.75, 2.2, 0.85, 1.4, 1.8, 1.2, 0.9, 1.7, 0.85, 1.6, 1.9, 1.2, 1.3, 2.0, 1.8, 2.2, 0.9, 1.0, 0.75, 1.2, 1.8, 0.9, 0.55, 1.8, 0.85, 0.9, 0.8, 0.9, 0.8, 1.7, 1.0, 1.4, 1.6, 0.85, 0.7, 0.75, 0.85, 2.0, 1.2, 0.95, 1.6, 0.8, 1.4, 1.2, 2.1, 1.4, 2.0, 2.2, 2.0, 1.4, 0.95, 0.45, 0.65, 1.6, 1.6, 1.9, 1.3, 0.35, 1.9, 0.95, 1.4, 1.8, 1.8, 1.2, 1.7, 1.6, 1.8, 1.0, 2.2, 2.4, 1.3];[0.02830444, -0.05073939, -0.12096716, 0.05879042, -0.36199933, -0.31575137, -0.49463943, -0.31111534, -0.14186324, 0.03187353, 0.04363523, 0.01422571, -0.08076035, -0.08202005, 0.1, -0.2, 0.6, 0.5, 0.09050032, -0.15738575, -0.28045453, -0.41921699, 0.08371402, 0.06647151, 0.04991071, -0.4338967, -0.20269216, 0.03020527, 0.0422736, 0.03826141, -0.00686381, -0.00767852, -0.2, 0.1, 0.2, -0.2, 0.08418244, 0.28558042, 0.3709324, 0.16343561, 0.03848391, 0.04601985, 0.01160218, -0.46293523, -0.09755039, 0.06536234, 0.05058954, 0.06728231, 0.08184241, 0.0789115, 0.3, 0.1, 0.2, -0.2];0.07631949999995413;0.03433579999978065
[2.96571561, -0.0, 0.99893492, 0.9699455, 0.99683519];False;[1.2, 0.55, 2.0, 0.9, 2.0, 1.8, 1.3, 1.8, 1.7, 0.85, 1.8, 0.75, 1.6, 1.8, 1.6, 1.8, 1.0, 1.6, 2.0, 1.5, 0.9, 0.8, 1.0, 1.2, 0.7, 0.5, 1.4, 1.0, 1.2, 0.8, 1.0, 0.8, 1.4, 0.95, 0.45, 2.0, 0.85, 0.6, 0.3, 0.85, 1.8, 0.9, 0.7, 1.8, 0.95, 0.95, 0.95, 1.8, 1.8, 1.8, 2.3, 2.0, 1.2, 1.2, 0.75, 1.0, 1.7, 1.2, 1.4, 0.55, 0.35, 1.4, 1.2, 1.4, 1.8, 1.8, 1.4, 1.4, 1.4, 1.8, 1.7, 2.3, 2.0, 0.95, 0.95, 0.55, 2.0, 0.85, 2.0, 1.0, 2.1, 2.2, 1.4, 1.5, 2.3, 0.9, 1.4, 1.9, 1.4, 1.8, 0.9, 1.2, 1.8, 1.0, 1.5, 0.65, 1.0, 1.4, 0.6, 0.9, 1.8, 0.75, 1.2, 0.45, 1.4, 0.65, 1.6, 1.3, 0.45, 1.5, 0.9, 0.8, 0.75, 0.95, 1.8, 0.95, 0.65, 1.3, 1.6, 0.85, 2.0, 2.1, 1.4, 1.6, 2.0, 2.2, 1.6, 0.95, 0.55, 0.95, 1.0, 1.1, 1.3, 1.2, 0.5, 1.3, 1.2, 1.1, 0.75, 2.0, 1.4, 0.9, 0.95, 1.6, 1.2, 2.0, 2.4, 0.65, 1.2, 0.4, 2.1, 0.9, 1.8, 0.8, 1.4, 2.0, 1.4, 0.8, 1.8, 0.9, 1.4, 1.6, 1.6, 1.4, 1.4, 1.6, 2.2, 1.4, 0.9, 0.85, 0.9, 0.95, 0.75, 0.7, 1.8, 0.65, 0.95, 1.6, 1.4, 0.85, 1.0, 0.85, 1.0, 2.2, 0.65, 0.5, 0.7, 0.9, 1.7, 1.7, 0.6, 1.8, 1.7, 1.4, 1.8, 1.8, 1.1, 1.4, 2.6, 1.8, 1.1, 1.2, 0.85, 0.8, 1.0, 1.1, 1.6, 0.45, 0.65, 1.6, 0.95, 1.2, 1.0, 2.0, 1.2, 1.2, 0.75, 1.1, 0.95, 2.3, 2.4, 0.8];[0.05336589, 0.24154874, 0.15584702, 0.25275292, -0.02124468, -0.00015602, -0.0328094, -0.32539722, -0.18165983, 0.04821982, 0.06190103, 0.00257183, -0.08416543, -0.08551611, 0.2, 0.2, 0.2, 0.2, -0.00735455, -0.35379773, -0.38142009, -0.57172507, -0.1952248, -0.11819278, -0.10144178, -0.39550671, -0.35996436, 0.05451698, 0.04761163, 0.07037858, 0.05152929, 0.05102557, 0.5, 0.4, 0.3, 0.3, 0.08804121, 0.17822259, 0.25262175, -0.06939302, 0.03698751, 0.06263998, 0.0131632, -0.51965291, -0.05400558, 0.0560269, 0.05714777, 0.07741918, 0.03982506, 0.03957973, 0.2, -0.2, 0.2, 0.4];0.06850539999982175;0.041782500000181244
[2.87646382, -3.0, 0.9395283, 0.9685653, 0.96837023];False;[1.4, 0.85, 1.4, 0.5, 1.6, 1.6, 1.8, 2.3, 1.6, 1.5, 2.0, 0.95, 1.4, 1.4, 1.2, 1.3, 1.4, 1.4, 1.6, 1.2, 1.4, 0.9, 0.95, 2.0, 0.35, 0.6, 1.6, 0.75, 1.0, 1.0, 1.2, 0.65, 1.6, 0.95, 0.65, 2.3, 1.0, 0.35, 0.4, 0.75, 2.2, 1.6, 0.55, 1.6, 0.9, 1.2, 1.4, 1.6, 1.8, 1.6, 2.4, 2.3, 1.7, 2.0, 0.5, 0.65, 0.95, 1.2, 1.3, 0.45, 0.3, 1.6, 1.0, 1.4, 1.8, 2.2, 1.2, 1.0, 0.8, 1.4, 1.7, 1.8, 2.3, 0.55, 1.4, 0.8, 1.4, 0.85, 1.6, 1.0, 1.6, 2.0, 1.2, 1.2, 2.0, 0.85, 1.2, 1.8, 1.2, 1.6, 1.2, 1.8, 1.5, 1.4, 1.0, 0.7, 0.6, 2.0, 0.55, 0.55, 1.4, 0.6, 0.8, 0.7, 1.8, 0.65, 1.0, 0.75, 1.4, 2.2, 0.75, 0.7, 0.7, 0.85, 1.8, 1.0, 0.95, 1.6, 1.0, 1.8, 1.2, 2.0, 1.2, 1.3, 2.6, 2.3, 1.4, 1.6, 0.55, 1.3, 1.0, 1.2, 1.4, 1.0, 0.75, 1.4, 1.4, 1.6, 0.75, 2.2, 1.2, 1.6, 1.8, 1.4, 1.0, 1.8, 2.6, 0.65, 1.0, 0.8, 1.6, 0.5, 2.3, 0.5, 1.6, 1.7, 1.6, 0.75, 2.2, 0.5, 1.6, 1.4, 1.6, 1.6, 0.95, 1.4, 1.6, 1.5, 1.0, 1.1, 1.2, 2.0, 0.55, 0.75, 1.3, 0.6, 0.65, 0.65, 0.9, 1.0, 0.9, 1.2, 0.7, 1.5, 0.65, 0.75, 0.35, 0.7, 2.2, 1.0, 0.65, 1.3, 0.8, 0.95, 1.2, 2.0, 1.8, 1.4, 2.4, 1.8, 1.6, 1.6, 0.35, 0.95, 0.95, 1.2, 1.6, 0.65, 0.35, 1.8, 1.2, 1.7, 1.4, 1.8, 1.7, 1.0, 0.85, 1.2, 1.6, 1.7, 2.4, 0.6];[0.0252443, -0.03979934, -0.07675845, -0.02584314, -0.14841132, -0.14995439, -0.22259741, -0.31111565, -0.07157595, 0.04480318, 0.04255374, 0.00525815, -0.09506168, -0.09635265, 0.0, 0.1, 0.0, -0.2, 0.04426128, -0.13230602, -0.2099449, -0.13138744, -0.10987463, -0.07410086, -0.08162023, -0.38879362, -0.31291633, 0.0499515, 0.05446009, 0.05081045, 0.04706862, 0.04624963, 0.6, 0.4, -0.4, -0.4, 0.11329367, 0.06545242, 0.05492947, -0.2256463, -0.01284188, -0.02428041, 0.02929262, -0.4195592, 0.02236864, 0.03726652, 0.03144914, 0.05049867, 0.01052099, 0.00952741, -0.2, 0.0, -0.1, -0.1];0.06993190000002869;0.0371024999999463
[3.00026975, -2.0, 0.97812077, 0.98406834, 1.03808065];False;[0.95, 0.8, 2.0, 0.85, 1.6, 0.95, 2.1, 1.7, 1.6, 0.8, 2.2, 1.3, 1.7, 1.8, 1.1, 1.4, 0.95, 1.2, 1.5, 1.4, 1.0, 0.7, 0.9, 2.0, 0.5, 1.0, 1.4, 0.65, 0.95, 0.85, 1.4, 0.7, 1.6, 0.75, 0.7, 2.2, 0.85, 0.85, 0.4, 0.85, 2.0, 1.0, 0.85, 1.4, 0.95, 0.85, 1.2, 1.8, 1.6, 2.0, 2.4, 1.8, 1.4, 2.1, 0.5, 0.85, 0.95, 1.4, 1.4, 1.0, 0.75, 1.3, 1.2, 1.6, 1.0, 2.2, 1.2, 1.2, 1.2, 1.1, 0.95, 2.2, 2.4, 1.0, 1.2, 0.7, 1.2, 0.95, 2.3, 1.2, 1.8, 1.7, 1.6, 0.7, 2.2, 0.55, 1.6, 1.8, 1.7, 1.9, 2.0, 1.6, 1.8, 1.2, 1.0, 0.8, 0.7, 2.1, 0.45, 0.9, 1.9, 0.75, 0.85, 0.95, 0.95, 0.7, 0.9, 1.0, 1.8, 1.6, 0.95, 0.85, 0.55, 1.2, 1.8, 1.0, 0.65, 1.8, 1.6, 0.95, 1.4, 1.6, 1.4, 2.1, 2.2, 2.2, 1.2, 0.95, 0.4, 0.75, 0.9, 1.6, 1.8, 1.0, 0.8, 1.4, 0.9, 1.4, 0.95, 2.3, 1.7, 0.9, 1.0, 1.9, 1.2, 1.8, 2.4, 0.7, 0.9, 0.8, 1.1, 1.0, 1.8, 2.1, 2.0, 2.0, 1.2, 0.75, 1.8, 0.55, 1.2, 1.9, 1.2, 1.8, 1.8, 1.4, 1.8, 1.0, 1.0, 0.7, 0.75, 0.95, 0.7, 0.65, 1.3, 0.75, 1.2, 0.6, 1.0, 0.8, 1.6, 1.0, 0.75, 1.8, 1.0, 0.6, 0.55, 1.0, 1.8, 1.0, 0.75, 1.9, 0.85, 0.8, 2.0, 1.4, 1.9, 1.8, 2.2, 2.2, 1.2, 2.0, 0.7, 0.85, 1.0, 1.8, 1.9, 0.85, 0.35, 1.3, 1.2, 1.1, 0.75, 2.2, 1.2, 1.4, 0.9, 1.6, 1.6, 2.0, 2.6, 0.95];[0.0436114, -0.00726544, -0.07760424, -0.03561371, -0.06400259, -0.04046524, -0.12354193, -0.1058177, 0.06420047, 0.05225572, 0.05306897, 0.05344563, 0.04358019, 0.04295931, 0.1, 0.3, 0.1, -0.5, 0.03152976, -0.15904525, -0.23130668, -0.03005432, 0.01767104, 0.01620983, 0.00304479, -0.42896991, -0.32986628, 0.04559897, 0.04896868, 0.06341056, 0.04471692, 0.04422705, 0.2, 0.2, 0.2, 0.3, 0.09731151, 0.17396708, 0.32812456, 0.13227372, 0.02651757, 0.03902908, 0.09111579, -0.11650688, 0.18234586, 0.0685496, 0.07369907, 0.09103069, 0.07863203, 0.07698339, 0.7, 0.6, 0.1, 0.1];0.0577163999998902;0.029144600000108767
[2.84363802, -2.0, 0.94233941, 0.90046013, 1.00083848];False;[1.4, 0.6, 1.2, 0.95, 1.8, 0.65, 1.6, 2.3, 1.6, 0.85, 2.2, 0.8, 1.6, 1.8, 1.4, 1.3, 1.8, 1.4, 1.8, 1.5, 0.95, 0.9, 0.55, 1.6, 0.55, 0.5, 1.4, 1.2, 0.9, 0.6, 1.2, 1.0, 0.95, 0.9, 1.6, 2.3, 0.75, 0.65, 0.45, 0.7, 1.7, 1.4, 0.5, 1.4, 0.75, 0.7, 2.0, 2.1, 1.8, 1.3, 2.6, 2.0, 1.6, 0.95, 0.7, 0.65, 1.4, 1.1, 1.6, 0.3, 0.4, 1.4, 0.9, 1.6, 1.6, 1.8, 1.2, 1.2, 0.95, 1.2, 0.95, 1.8, 2.2, 0.6, 0.9, 0.4, 1.4, 0.45, 1.8, 1.8, 1.3, 1.7, 1.6, 0.85, 2.4, 0.75, 1.2, 1.8, 1.2, 1.8, 0.9, 1.9, 2.2, 1.0, 0.95, 0.7, 0.9, 1.6, 0.4, 0.85, 1.9, 0.6, 0.95, 0.8, 1.6, 0.7, 0.9, 0.95, 0.8, 1.5, 0.9, 0.3, 0.35, 1.0, 2.0, 1.2, 0.5, 1.8, 1.4, 1.6, 0.95, 1.3, 1.6, 2.1, 2.2, 2.0, 1.4, 0.9, 0.75, 0.7, 1.7, 1.4, 1.4, 0.4, 0.65, 1.3, 1.0, 1.7, 1.4, 1.8, 1.1, 1.2, 2.0, 1.1, 0.95, 2.3, 2.3, 0.5, 0.9, 0.6, 1.8, 0.5, 2.2, 0.6, 1.3, 1.8, 1.2, 0.85, 2.0, 0.8, 1.1, 1.4, 1.2, 1.8, 1.6, 1.8, 2.2, 1.4, 1.4, 1.0, 0.8, 1.4, 0.8, 0.8, 1.8, 0.7, 0.7, 0.8, 1.9, 0.7, 0.95, 1.2, 1.0, 1.6, 1.0, 0.35, 0.5, 1.0, 1.7, 1.2, 0.75, 1.6, 0.85, 1.4, 0.9, 1.4, 1.2, 2.1, 2.2, 1.8, 1.6, 1.2, 0.8, 1.2, 1.4, 1.9, 1.4, 0.8, 0.8, 1.4, 1.5, 1.6, 1.0, 2.3, 1.1, 1.0, 0.85, 1.4, 1.2, 2.3, 2.3, 0.75];[0.04028593, 0.00516833, -0.08219149, -0.02005569, -0.09651798, -0.13998228, -0.26664594, -0.56141794, -0.26598001, 0.04877099, 0.05350895, -0.00350015, -0.12511788, -0.12658949, 0.2, -0.1, 0.0, -0.2, 0.02067911, -0.25301728, -0.29713238, -0.24360084, 0.03429395, 0.03192133, -0.00811353, -0.2977336, -0.15459734, 0.01086255, 0.03417246, 0.0609736, -0.09346947, -0.09532862, 0.6, 0.6, -0.5, -0.5, 0.08504813, 0.07638214, 0.06398429, -0.11888344, -0.1072746, -0.03393141, -0.02924019, -0.33160045, -0.04898982, 0.06059159, 0.04228925, 0.06806476, 0.06920452, 0.06880279, 0.3, 0.6, -0.5, -0.4];0.05848680000008244;0.03543609999996988
[2.89735592, -2.0, 0.93592243, 0.97079672, 0.99063678];False;[1.0, 0.5, 1.8, 0.5, 1.6, 0.85, 1.6, 1.7, 1.1, 1.4, 2.3, 1.0, 1.6, 1.6, 1.2, 1.6, 1.2, 1.4, 1.8, 1.4, 1.2, 0.8, 0.7, 0.95, 0.85, 1.0, 1.8, 1.3, 0.75, 1.6, 0.95, 0.65, 1.6, 1.0, 1.2, 2.0, 1.0, 0.4, 0.45, 0.9, 2.2, 1.7, 0.5, 1.6, 0.9, 1.6, 1.0, 1.4, 1.9, 2.0, 2.6, 2.0, 1.6, 0.95, 0.8, 0.75, 1.4, 1.2, 1.6, 0.95, 0.45, 1.4, 0.9, 1.7, 0.7, 2.0, 1.4, 1.0, 2.0, 1.6, 1.6, 1.8, 2.3, 0.55, 1.0, 0.8, 1.4, 0.75, 2.2, 2.1, 1.8, 1.8, 1.1, 1.2, 1.7, 0.7, 1.4, 1.8, 1.4, 1.8, 2.1, 1.2, 1.8, 1.0, 1.4, 0.55, 0.8, 1.4, 0.9, 0.4, 1.8, 0.85, 0.65, 0.65, 1.4, 1.2, 1.6, 0.9, 0.7, 1.8, 0.65, 0.35, 0.9, 0.9, 2.3, 0.9, 0.7, 1.6, 0.7, 1.8, 1.8, 1.6, 1.9, 1.4, 2.3, 2.0, 1.1, 2.1, 0.8, 0.9, 1.6, 1.1, 1.6, 0.3, 0.9, 1.9, 0.95, 1.6, 1.8, 1.8, 1.2, 0.9, 1.6, 1.2, 0.95, 2.2, 2.3, 0.55, 0.95, 0.5, 1.8, 0.65, 2.2, 1.4, 1.8, 1.7, 1.6, 0.8, 2.2, 1.3, 1.7, 1.4, 1.7, 1.9, 2.0, 1.6, 1.8, 1.5, 1.0, 0.6, 0.5, 1.0, 0.45, 0.65, 1.8, 1.2, 0.65, 0.85, 0.95, 1.2, 1.2, 0.75, 0.55, 2.3, 0.8, 0.65, 0.55, 0.75, 2.2, 1.6, 0.6, 1.8, 0.9, 0.8, 1.4, 2.0, 1.2, 1.4, 2.3, 1.7, 1.2, 1.8, 0.7, 0.7, 1.0, 1.6, 1.4, 0.7, 1.0, 1.8, 1.0, 1.1, 1.8, 2.2, 1.1, 0.95, 1.6, 1.4, 0.95, 1.8, 2.0, 1.3];[0.03184569, 0.11497392, 0.06322248, 0.1210666, -0.256003, -0.25119898, -0.37078592, -0.41831863, -0.33559625, 0.04871207, 0.05661035, 0.02659175, -0.02924677, -0.02987665, 0.0, 0.4, -0.1, -0.5, 0.06158573, -0.26671852, -0.24872725, -0.30309192, 0.04211562, 0.03725959, 0.0212595, -0.39876489, -0.18120928, 0.02654673, 0.05234319, 0.04695796, -0.05015253, -0.05139704, 0.4, 0.4, -0.2, -0.2, 0.10338202, -0.0295725, 0.00585041, -0.18334541, -0.01318019, -0.03358752, -0.03947051, -0.62863795, -0.02697512, 0.06895039, 0.04819235, 0.07324768, 0.09458642, 0.09452276, -0.3, 0.2, 0.6, 0.6];0.06230209999989711;0.029629300000124204
[2.89961502, -2.0, 0.93510104, 0.94397454, 1.02053944];False;[0.9, 0.4, 1.1, 0.45, 2.2, 0.8, 1.8, 2.0, 1.2, 0.9, 2.0, 0.75, 1.6, 1.9, 1.2, 1.9, 1.0, 1.8, 2.2, 1.4, 1.0, 0.7, 0.8, 1.6, 0.65, 0.65, 1.4, 0.85, 0.7, 0.7, 0.9, 0.95, 1.4, 0.7, 0.7, 1.6, 0.8, 0.3, 0.75, 1.2, 1.7, 1.6, 1.1, 1.4, 1.4, 1.8, 1.0, 1.6, 1.2, 1.8, 2.2, 1.7, 1.1, 1.6, 0.65, 0.8, 0.9, 1.2, 1.8, 0.65, 0.65, 1.6, 1.0, 1.1, 1.4, 1.8, 1.6, 1.4, 0.7, 1.6, 1.4, 2.0, 2.0, 0.75, 1.2, 0.4, 1.1, 0.4, 1.8, 0.6, 1.4, 2.2, 1.6, 0.9, 2.2, 0.9, 1.4, 1.6, 1.4, 1.8, 1.0, 1.4, 1.6, 1.5, 1.2, 0.85, 0.7, 0.95, 0.75, 0.55, 1.9, 1.2, 0.7, 0.55, 0.95, 1.2, 1.2, 0.7, 0.5, 1.8, 1.0, 0.8, 0.4, 0.95, 1.8, 1.6, 0.55, 1.8, 0.9, 0.9, 1.0, 1.6, 1.9, 1.4, 2.2, 2.2, 1.4, 1.8, 0.65, 1.0, 1.6, 1.6, 1.3, 0.5, 0.8, 1.6, 1.2, 1.6, 1.2, 2.3, 1.4, 0.9, 0.75, 1.8, 1.7, 1.7, 2.0, 0.95, 1.2, 0.5, 1.6, 0.8, 1.6, 0.5, 2.0, 2.3, 1.6, 1.2, 2.2, 0.75, 1.1, 1.8, 1.4, 1.8, 1.8, 1.2, 1.8, 0.95, 0.9, 0.55, 0.75, 2.0, 0.65, 0.55, 1.8, 0.65, 0.9, 0.7, 1.0, 0.95, 0.9, 0.95, 0.45, 2.2, 1.0, 0.55, 0.35, 0.85, 2.3, 1.2, 0.55, 1.6, 0.9, 2.0, 1.0, 2.0, 1.4, 1.6, 2.2, 2.0, 1.7, 0.95, 0.55, 0.85, 1.4, 1.4, 1.8, 0.55, 0.85, 1.8, 1.2, 1.6, 0.95, 2.0, 1.1, 1.6, 2.1, 1.6, 1.6, 2.2, 2.6, 0.8];[0.01439614, 0.11426084, 0.08089555, 0.19484282, -0.12768015, -0.07491762, -0.08567403, -0.33977757, 0.01033233, 0.03244216, 0.07416915, 0.01049792, -0.07425305, -0.07509293, 0.3, 0.7, 0.5, 0.1, 0.05203371, -0.27563286, -0.37213711, -0.15775006, 0.07534938, 0.04904369, 0.03246334, -0.48614156, -0.18965758, 0.01706346, 0.03353229, 0.04114078, -0.04870711, -0.05008626, 0.2, 0.4, -0.2, -0.2, 0.09701946, 0.19866762, 0.36216519, 0.1048825, 0.1553689, 0.1405765, 0.14203571, -0.61917781, -0.12283224, 0.05303127, 0.05143056, 0.06730332, 0.0530723, 0.05346467, 0.7, 0.4, -0.5, -0.2];0.05587229999991905;0.03579399999989619
[2.9155724, -2.0, 0.92159287, 0.9769059, 1.01707363];False;[1.2, 0.5, 1.2, 0.65, 1.6, 0.8, 1.8, 2.0, 1.4, 0.8, 1.8, 0.85, 1.6, 1.8, 1.2, 1.3, 0.95, 1.1, 2.3, 0.95, 1.4, 0.55, 0.7, 1.6, 0.5, 0.7, 1.3, 0.65, 0.75, 0.45, 1.9, 0.9, 1.2, 1.2, 1.0, 1.8, 1.0, 0.3, 0.35, 0.9, 1.8, 1.4, 0.95, 1.6, 1.4, 1.4, 0.9, 2.1, 1.2, 1.6, 2.6, 2.0, 1.1, 0.95, 0.6, 0.8, 1.0, 1.4, 1.8, 0.45, 0.55, 1.8, 1.0, 1.7, 1.0, 1.8, 1.6, 1.2, 0.95, 1.9, 0.95, 2.0, 2.2, 1.3, 0.9, 0.7, 2.1, 0.55, 2.0, 0.55, 2.1, 2.3, 1.1, 0.95, 2.0, 0.6, 1.1, 1.6, 1.4, 1.8, 1.6, 1.6, 2.2, 1.2, 1.5, 1.1, 0.95, 1.0, 0.5, 0.8, 1.9, 1.0, 0.65, 0.8, 1.2, 0.9, 1.4, 0.9, 0.9, 1.5, 1.2, 0.9, 0.35, 0.85, 2.2, 1.2, 0.65, 1.3, 1.6, 1.4, 1.6, 1.4, 1.1, 1.8, 2.6, 2.2, 1.2, 1.6, 0.35, 0.6, 1.7, 1.8, 1.3, 1.3, 0.7, 1.9, 0.95, 1.4, 1.4, 2.2, 1.1, 1.6, 1.6, 1.6, 1.4, 2.3, 2.2, 0.65, 1.0, 0.5, 1.8, 0.7, 2.0, 1.0, 2.1, 2.2, 1.4, 0.7, 2.2, 1.2, 1.4, 1.6, 1.4, 1.8, 1.0, 1.4, 2.0, 1.4, 0.95, 0.9, 0.7, 1.2, 0.85, 0.55, 1.9, 0.95, 0.8, 0.7, 1.8, 0.85, 1.6, 0.75, 0.6, 1.6, 0.9, 0.7, 0.5, 0.75, 2.3, 1.2, 0.8, 1.4, 0.8, 0.85, 2.0, 1.4, 1.1, 2.1, 2.6, 2.2, 1.1, 1.8, 0.3, 0.8, 0.95, 1.6, 1.4, 0.5, 0.4, 1.8, 1.4, 1.4, 2.0, 2.0, 1.4, 1.0, 1.4, 1.6, 0.95, 2.3, 2.2, 1.0];[0.05106623, 0.11901246, 0.0906892, 0.16047626, -0.06005312, -0.04570429, -0.06454253, -0.43792237, -0.11868381, 0.03251885, 0.03366981, -0.00436651, -0.12394611, -0.125819, 0.2, 0.1, -0.1, -0.5, -0.00340308, -0.17807493, -0.27652368, -0.20730581, -0.02991626, -0.01065063, -0.01966035, -0.3128922, -0.29736427, 0.05748941, 0.04508896, 0.0538766, 0.09104897, 0.09090516, 0.5, 0.4, -0.3, 0.0, 0.08323149, 0.09115581, 0.17226682, -0.05143063, 0.01205112, 0.03589252, -0.01740975, -0.14887586, 0.04147802, 0.04926626, 0.0331163, 0.06137393, 0.01324304, 0.01217427, 0.2, 0.4, 0.0, 0.0];0.044756499999948574;0.029819100000167964
[2.92651157, -1.0, 0.95589639, 0.98025384, 0.99036134];False;[0.95, 0.45, 2.0, 0.4, 1.8, 0.5, 1.4, 2.2, 1.1, 0.9, 2.3, 0.5, 1.7, 1.8, 1.2, 1.8, 1.6, 1.2, 2.2, 1.0, 1.2, 0.65, 0.6, 1.4, 0.75, 0.9, 1.8, 0.7, 1.0, 0.5, 0.95, 0.9, 0.95, 0.85, 0.9, 2.2, 1.0, 0.75, 0.4, 0.85, 2.0, 1.4, 1.1, 1.8, 1.7, 1.6, 1.0, 1.6, 1.2, 1.4, 2.2, 2.2, 1.2, 2.1, 0.65, 0.85, 0.95, 1.1, 1.9, 0.85, 0.8, 1.6, 1.4, 1.2, 2.0, 1.7, 1.4, 0.95, 1.2, 1.8, 0.95, 2.2, 2.2, 1.3, 1.5, 0.9, 1.1, 0.4, 1.8, 1.0, 2.0, 2.2, 1.7, 1.0, 2.3, 1.0, 1.7, 1.6, 1.2, 1.6, 1.6, 1.4, 2.2, 1.2, 1.5, 0.9, 0.6, 2.0, 0.3, 0.75, 1.6, 1.0, 0.8, 1.6, 1.4, 0.75, 0.9, 0.8, 0.7, 2.0, 0.8, 0.45, 0.6, 0.9, 1.7, 1.0, 0.85, 1.6, 1.7, 0.9, 0.95, 2.0, 1.8, 1.4, 2.0, 2.3, 1.1, 2.0, 0.4, 0.85, 1.2, 1.6, 1.4, 0.85, 0.55, 1.4, 1.5, 1.4, 0.85, 2.2, 1.7, 1.0, 2.1, 1.4, 1.6, 1.8, 2.6, 0.55, 1.4, 0.4, 2.0, 0.95, 1.5, 0.7, 1.6, 2.0, 1.4, 0.75, 2.2, 0.6, 1.4, 1.4, 1.7, 1.4, 0.95, 1.4, 1.6, 0.95, 1.4, 0.55, 0.55, 1.6, 0.8, 0.85, 1.8, 0.8, 0.9, 0.85, 1.0, 1.2, 1.4, 1.3, 0.8, 2.2, 0.95, 0.45, 0.6, 0.7, 2.0, 1.6, 0.65, 1.8, 1.4, 1.6, 2.0, 1.4, 1.4, 1.3, 2.3, 1.7, 1.4, 1.0, 0.4, 1.0, 0.95, 1.4, 1.6, 0.35, 0.8, 1.3, 1.5, 1.6, 1.2, 1.8, 1.6, 1.7, 2.0, 1.9, 1.7, 2.0, 2.2, 0.8];[0.0304298, 0.17785163, 0.11339693, 0.23880429, -0.02733793, 0.05736044, 0.11433808, -0.25498874, 0.13179923, 0.0335841, 0.0476739, 0.02933716, -0.01735694, -0.01796398, 0.1, 0.6, 0.5, 0.0, 0.03910605, -0.2486022, -0.35456692, -0.15083804, 0.08514146, 0.06416297, 0.03851555, -0.47931383, -0.15601636, 0.03413606, 0.06005126, 0.0451595, -0.00300194, -0.00411978, -0.1, 0.4, 0.3, -0.2, 0.11231243, 0.13839342, 0.33368341, 0.17993012, 0.06308599, 0.0483201, 0.10417965, -0.55367839, -0.06384579, 0.03509796, 0.05749653, 0.04255268, 0.01817892, 0.01874221, 0.0, -0.3, -0.2, 0.1];0.053986800000075164;0.029538300000012896
