evaluations,algorithm_time
5,8.899000022211112e-06
10,8.899000022211112e-06
15,8.899000022211112e-06
20,8.899000022211112e-06
25,8.899000022211112e-06
30,8.899000022211112e-06
35,8.899000022211112e-06
40,8.899000022211112e-06
45,8.899000022211112e-06
50,8.899000022211112e-06
55,8.899000022211112e-06
60,8.899000022211112e-06
65,8.899000022211112e-06
70,8.899000022211112e-06
75,8.899000022211112e-06
80,8.899000022211112e-06
85,8.899000022211112e-06
90,8.899000022211112e-06
95,8.899000022211112e-06
100,8.899000022211112e-06
105,8.899000022211112e-06
110,8.899000022211112e-06
115,8.899000022211112e-06
120,8.899000022211112e-06
125,8.899000022211112e-06
130,8.899000022211112e-06
135,8.899000022211112e-06
140,8.899000022211112e-06
145,8.899000022211112e-06
150,8.899000022211112e-06
155,8.899000022211112e-06
160,8.899000022211112e-06
165,8.899000022211112e-06
170,8.899000022211112e-06
175,8.899000022211112e-06
180,8.899000022211112e-06
185,8.899000022211112e-06
190,8.899000022211112e-06
195,8.899000022211112e-06
200,8.899000022211112e-06
205,8.899000022211112e-06
210,8.899000022211112e-06
215,8.899000022211112e-06
220,8.899000022211112e-06
225,8.899000022211112e-06
230,8.899000022211112e-06
235,8.899000022211112e-06
240,8.899000022211112e-06
245,8.899000022211112e-06
250,8.899000022211112e-06
255,8.899000022211112e-06
260,8.899000022211112e-06
265,8.899000022211112e-06
270,8.899000022211112e-06
275,8.899000022211112e-06
280,8.899000022211112e-06
285,8.899000022211112e-06
290,8.899000022211112e-06
295,8.899000022211112e-06
300,8.899000022211112e-06
305,8.899000022211112e-06
310,8.899000022211112e-06
315,8.899000022211112e-06
320,8.899000022211112e-06
325,8.899000022211112e-06
330,8.899000022211112e-06
335,8.899000022211112e-06
340,8.899000022211112e-06
345,8.899000022211112e-06
350,8.899000022211112e-06
355,8.899000022211112e-06
360,8.899000022211112e-06
365,8.899000022211112e-06
370,8.899000022211112e-06
375,8.899000022211112e-06
380,8.899000022211112e-06
385,8.899000022211112e-06
390,8.899000022211112e-06
395,8.899000022211112e-06
400,8.899000022211112e-06
405,8.899000022211112e-06
410,8.899000022211112e-06
415,8.899000022211112e-06
420,8.899000022211112e-06
425,8.899000022211112e-06
430,8.899000022211112e-06
435,8.899000022211112e-06
440,8.899000022211112e-06
445,8.899000022211112e-06
450,8.899000022211112e-06
455,8.899000022211112e-06
460,8.899000022211112e-06
465,8.899000022211112e-06
470,8.899000022211112e-06
475,8.899000022211112e-06
480,8.899000022211112e-06
485,8.899000022211112e-06
490,8.899000022211112e-06
495,8.899000022211112e-06
500,8.899000022211112e-06
