objectives;is_feasible;variables;evaluation_time;algorithm_time
[4.034800080000012, -2.4999999999905933];True;[4.1900182801777035, 3.3150720675857244, 0.5476088971023598, 3.063205641203803, 4.711856185557808, 1.1932622386194076, 2.8649890424747424, 0.8131112686571793, 3.1874951514845105, -4.290312186899254];182.22430160001386;1784.2700031000422
[3.796808040000002, -2.499999999998682];True;[-1.7007509042356639, 3.592193879595742, 0.8939930988636524, 2.3008412178916346, 0.357257785500666, 2.3124596106039883, 4.200920675832393, 1.8746819492469013, -2.7645899343651106, -2.4888670832721504];174.77468960010447;
[3.4002283680000107, -2.49999999999846];True;[1.6201114425007992, -1.0487292063893463, 3.9454376522628447, -1.6360414387375775, -0.407799579145677, -4.40619241260327, 2.712617707299688, -3.6563335688782397, -2.9386855925600575, -3.966417531065267];183.10908199998084;
[3.6436504320000034, -1.7024165999999998];True;[2.7358195050666145, -1.9521244694515483, -4.9109449101545675, 3.432080315342281, -1.505567950116208, 3.086558967579183, -0.11558034598351519, 2.9061723379828095, -1.2954676986123448, -0.8933943638242159];175.05122000002302;
[3.649751568000001, -2.4999999999989124];True;[-1.7626073009384013, -0.16644729037841266, 0.8105912243001079, 4.689577375707753, -1.4955715318706595, 1.662223000507983, 3.306569667345805, -0.3067080666090405, -0.7447543574035533, -4.222876503601666];177.65179170004558;
[3.6789854400000044, -2.4999999999930225];True;[4.064254718101129, -1.7134617312031342, 4.387293697830616, 3.5421806330069856, 2.4514227897374212, -2.98168906747979, -0.2234747781537294, -3.586381989179428, 0.7550983744769777, -3.5718450286445136];179.75990409997758;
[3.611403360000001, -2.499999999997787];True;[-4.167202626138009, 0.008021257559491346, -0.9449955566569814, 3.3823132090501797, 4.007794902757652, -0.40911356280727507, -3.4804267343234563, 3.0589816582532876, 0.24955582173272006, -1.7103373977343383];177.91365199990105;
[3.959295552000003, -1.5281554000000002];True;[4.870544782845579, 3.548782812709735, 3.3078817767868998, 1.041505837366719, -0.3290657309247811, 0.6508231487915319, 2.7449741705562714, 4.903865028903747, -2.8685184290569907, -1.77007982944704];170.4832056000596;
[3.76985059200001, -2.3220772];True;[-3.463159375541136, -4.8809032491556, 3.764467220203361, 4.369984368563793, 3.3206804496155016, -3.120806990190277, 1.3392479969750504, 4.620038995969374, 3.501505284704505, -2.1209244435429575];168.17110299994238;
[4.019332320000013, -2.4999999999988542];True;[2.1638987613437433, 2.4266409486221807, 1.4614109764940464, 3.059264854247509, -1.1839495275770262, 2.6654570559840574, 0.8691925178696263, 3.593704464390857, 0.16448552023299978, 3.6600971491384406];169.56667849991936;
[3.776282208000012, -2.499999998488713];True;[4.896947606030732, 2.3552325392068587, -3.6200158606776043, 3.9050091286433037, -0.5548976879393388, -3.2996050816372033, 2.6444355804428437, 2.3265499907494895, -4.173637118486754, 3.147858083385339];176.88376120000612;
[4.162842072000003, -2.4999999999996487];True;[2.0901359409195486, 3.1106206731157098, 3.584805546998723, 4.976836054298715, 2.929531637351552, 3.1981651963362836, 3.5095348408778637, 4.223606838873339, 1.6406296846004427, -3.7397149201031246];175.5672830999829;
[3.916831248000005, -2.4999999999996247];True;[-4.7172446862430135, 1.2639189623472245, 1.7884652640268435, 3.3636234507424394, 3.778538613687278, -2.369555496646937, 4.322998907311813, 3.5932640869262897, 1.145002587476701, 1.9657651932777522];167.33623130002525;
[3.5212726080000034, -2.499999999939354];True;[-2.8396783697185137, 2.774536776346963, -4.685765431904949, -0.7976135795201778, 2.1653741255442878, 3.935162418707808, 2.6068375063934637, -3.4214044861660478, 0.3838742605966896, -4.299445494950527];176.222257800051;
[3.7443900240000105, -2.4999999999993108];True;[3.46004905247071, -2.9605377843147607, 0.8511710206123579, -3.3619290068650542, 4.288983008708202, -0.5346950202172183, 2.510396997280141, 0.1026350104788829, 3.8654303871451585, -2.0701486341526976];178.34485430002678;
[3.571543368000002, -2.4991039266];True;[-0.682661170558621, -4.887656108816624, -0.04238547959638428, 2.484087462995187, 2.391928183754745, 1.4538836697642026, -1.124879614533275, -3.136426747072142, -1.049148170339259, 2.7425003510104045];178.94900469994172;
[3.5578008000000105, -2.4999999999983333];True;[-1.7576051645828628, 0.8214147325437917, -4.611561165076607, -2.554820021665738, -3.4826794635994505, 2.263344539387404, -2.8559255671795736, 4.658837519603633, 0.45374482078358547, 4.57826298488321];178.1877365000546;
[3.561181416000009, -2.4999999999982903];True;[-4.577014263931024, 1.2249011027324137, 4.358790066396111, -4.145359319399107, 3.0479698124040624, 3.3775034182213197, -3.0693108795550472, -0.33192493089093666, 1.0057757470814979, -3.2218641658480895];180.91274800000247;
[3.7553010480000095, -2.496787527];True;[2.959597551839619, -1.7345290618707718, 1.1669981152921967, -0.1015169551941959, 4.822264568822963, -2.6312462795145986, -0.10398195043944902, 3.3200035266491863, 2.452087351588098, -3.4931383750449783];179.4161076999735;
[3.6361569600000117, -2.4999999999909632];True;[-1.1687981059306027, -3.6976552772280638, 3.6750324392601, -0.8449546773783361, 2.474352768440186, 4.200730905033831, -4.08991393602011, 4.392181578109513, -2.184363167747944, -1.616040100950972];178.1115636000177;
[3.9087999360000043, -2.499999999998368];True;[2.365806449155203, -1.343845404834465, 4.004699953031107, -1.2514205350624574, 4.769670306158249, -0.9661366514973366, 3.7332372206474407, -2.543395507324621, 0.2780311854075048, 4.7163513765499445];180.40713599999435;
[3.7036867680000087, -2.4999999999956755];True;[3.568996852365281, -2.35972964230338, -2.6090830751827854, -3.285068364955893, -4.9194096896378525, 3.6462001109029636, 4.491421822154123, -2.4685070167784606, 3.2239631801166695, 4.978203475262957];177.00132580008358;
[3.560324760000011, -2.2659813];True;[-2.9063816162916467, 1.992867770018476, 0.06281881150594781, 2.1609401397305037, 1.7100338282027892, -2.2507483080048587, -2.768784214557869, -4.044203285160554, 1.035934049783597, 2.63735479804825];182.66135900001973;
[3.187672488000004, -2.4999999999970455];True;[-3.288410544828375, 0.8145198421510402, -4.398173674953604, -0.3370026098202361, -4.713910820577887, 2.113529577880654, -0.6766465133714714, -0.8644816775862205, -4.040540260255455, -4.231445351662911];183.62449949991424;
[3.560110704000002, -1.711099];True;[-2.219086813457807, -4.174507236821153, 2.7232406644893183, 3.850130661168441, -3.766383679222379, 3.341658397548617, -3.941604993513539, 1.145246966272932, -3.1873405778616473, 3.848606990826296];181.53535120002925;
[3.9343386960000033, -1.9125217];True;[3.20666697203203, -1.9819864556772302, 1.1877435756101598, 3.3446719072352966, 2.8929526047997154, 3.838875781953023, -1.6739995705430024, 4.0514833785217785, -1.83944404753976, 1.918361425824319];175.9414063000586;
[3.932267256000002, -2.4999999999974247];True;[4.864713196511467, -1.4129824712333061, -0.23212751296189804, 2.0626360907257544, 0.559098752492309, 4.312804273426421, 3.8647146995805564, 0.18429545721916618, 3.1471290798095204, -2.5008494036033446];175.30535399995279;
[3.651194232000013, -2.492070571];True;[-2.70953087588277, -3.990621781613445, 4.001196923845496, 4.702391450995172, 1.9424721604029171, -2.323759209261018, 2.651754191342591, 0.4199135606645328, 0.6150065941542735, -3.4720498218730453];175.68155069998465;
[3.3362262720000038, -1.434005];True;[-3.429112504795663, -4.5593449687891985, 1.4826441030374937, 4.2770236691007995, 4.369169188253073, -3.0397583756793933, 1.425529947226365, -3.5467610551475817, -4.9316965691676105, -4.79275623392987];187.89547540002968;
[3.410701560000007, -0.20086000000000004];True;[-0.8129751896341819, -1.015406927832169, -3.520586907652735, 3.5507119866556103, 0.9846800157302642, 2.915230629503288, -1.693887285197885, -4.69426479438264, -2.0552267558602857, -2.955454490694197];176.45656830002554;
[3.960225432000003, -2.4999999999978813];True;[1.5844183580285058, -4.319679063512131, 4.105247613128222, 4.5976816067638495, 0.7485858412795423, 2.7036428526935214, -0.46114714005536594, 1.2028623766662658, 3.275387894147986, 2.70675714787468];175.18486479995772;
[3.243253608000013, -2.499999999999173];True;[1.9018956912752856, -4.140031922318555, -4.734089670071259, -0.021212831089332695, -1.206893028489977, -1.329958253850089, 0.6320680432377292, -4.10700411237751, -3.338541631793397, -0.7055862290620567];182.33630029996857;
[3.6528820560000064, -2.2911424];True;[4.531610041156576, -4.67610699710799, -1.0048618922695862, -2.5600391205465245, 4.354125680993375, 0.038455408257497936, -1.35766140458803, 3.735967293582725, 0.39056446651341936, -1.537131192853006];182.6408779999474;
[3.899666376000005, -2.4999999999992193];True;[3.1379041558141356, 1.3197405486770073, 4.845508844940788, 0.21463562239959266, -1.6471329907274477, -1.684140257627421, -4.143663715830112, 3.5426506545296554, 3.75125259817494, 4.0033473259812595];181.3607961999951;
[3.69698148, -2.499999999987658];True;[3.4439258907002746, -0.8800652995434977, 3.5706062856437857, 0.5733062061262428, -1.614424861938458, -1.853305232689384, -4.915956787384092, 2.8993105984961423, 4.911649170778144, -2.1784885496475703];177.09870809991844;
[3.660060600000001, -2.4999999999378986];True;[-1.2428069789574083, -2.6377337965844125, 1.0479848462416683, 3.951757134518891, 2.180568641905511, -1.7016836765479293, 3.159453443984132, -2.2653933400055335, 3.7715907620973717, -4.016499218943851];188.06540100008715;
[3.5211285360000066, -2.4999999999977858];True;[-2.0791590068970214, 4.520175069676352, 1.5361342321838931, 2.298930652426046, -3.4614268429986184, -1.9352319428174014, -3.6232218749730194, 3.4127288791313095, -0.31890525810659653, -4.534793679983801];191.2169282999821;
[3.7298880000000008, -2.499999999992729];True;[-2.994210461907847, 1.5461675418398713, 4.85684530095846, 2.153093920020379, -3.911977040548913, 3.6946938068069617, 0.22773430687342078, 1.0317886392584423, -2.8991777094698854, 1.7750461733484908];186.71524500008672;
[3.922575336000003, -2.4999999999991287];True;[0.10626901355344387, -1.1745743457883462, 1.0267131194184316, 3.3601671475372363, 1.426791854340622, -0.37666354720029904, 4.507027590867693, 3.14716688131689, 2.456428649520812, -0.07861995918766596];179.78186930005904;
[3.747811896, -2.495342754];True;[-3.9726422074034016, 2.4923721209962792, 3.037596036957172, 4.032187987084582, 4.297995231215673, -4.786819374770449, 2.504460092334857, -2.3332432440985054, -1.283912715128702, 2.321829349224773];183.4894181001;
[3.5840854080000097, -2.499999999996342];True;[1.0855238381138133, -0.3443731896458022, 3.79773523229807, 2.110470264681439, -3.103875198000817, -4.321072837280749, -4.802050006562664, 1.1761982958292911, 0.9284260997199496, 2.2028933406255558];171.41820970003027;
[3.8054206080000013, -2.499999999998282];True;[1.7680007197296623, -2.4200147773861467, 3.3211675617216336, -2.9846476866100247, 2.1848722966068532, 3.6262528711397355, -1.69977652109257, 1.719606917201732, -0.0644269064888725, 3.5258539089792595];166.56536210002378;
[3.3785728560000035, -2.1754216];True;[-3.369851017137199, 1.305090199819027, -1.0377364528220143, 0.8253555841253366, 2.426053066890744, -4.500557957109129, -4.076355224460374, 2.2366113568840156, -2.7003232032836855, -1.8928792662450853];177.47796390007716;
[3.2564121120000067, -1.617056];True;[-3.531291354640188, -2.5389574418166827, -4.275522583752508, -0.7430892381635772, 0.28918286853299335, -3.359597875385841, -2.134716944801541, 0.6497108675283467, -2.325621878091144, 1.5297390675224145];167.5717695999192;
[3.1780620000000095, -2.4999999999968168];True;[-4.18100129349299, 0.3330157957788291, -4.979088552744132, -3.1848927332441903, 4.7846858567146135, -0.34348108079769535, -1.962390725516061, -2.248658400299317, -4.999580418073382, -3.2861272176848058];176.37701200006995;
[3.5044170480000023, -2.4999999999983618];True;[-1.923764760176263, 0.9422892439005821, 0.3734172241924707, -3.6244950777447293, -2.8725664639422366, -1.3921928373715895, 4.733620460279878, 2.9263473195030016, 0.4175666161724738, -4.538682862683753];176.82179389998782;
[3.273836184000012, -2.499999999993082];True;[-0.9129294080157848, -1.6526081546684255, -4.666983685714627, -1.230351671859479, -1.0643538082923278, 2.188122346178261, -3.631160910116704, 3.4382284045743194, -4.131746357510711, -3.969736915480855];178.21919350000098;
[3.5564339520000043, -2.3462732];True;[1.8576509923367546, 0.4127005803986865, -4.420201093705568, 4.598099616086435, 4.996044757996783, -1.6899628739803632, -3.7503630409685105, -3.8746535220906453, -0.5462206273054573, -0.13335288334856088];176.61168079997879;
[3.3821720640000024, -2.499999999999588];True;[-3.803926999591244, -0.05846245342204437, 3.688351242528187, -3.7969731191836376, 2.989216652830641, 2.4533556648989654, -4.748344195856009, -2.938238643064519, -2.842585280996156, -1.560340507419924];174.38710930000525;
[3.7828000080000064, -1.8791240999999999];True;[0.9699654288726611, 4.927490334464409, 2.4997725202278795, -4.164565274055818, -2.429436523112709, 4.345862196787923, 4.307481989079651, 1.5389911186217038, -0.9509384919390236, -3.1150182185775432];166.34718270006124;
[2.5315200000000093, -2.47531935];True;[-5.0, -5.0, -5.0, -5.0, -5.0, -5.0, -5.0, -5.0, -5.0, -5.0];174.71249819989316;4.132638599956408
[2.89110016800001, -2.499999999998012];True;[-5.0, -2.9700169631040243, -5.0, -1.6473249565000914, -5.0, 0.7582276497356322, -0.5350627744592105, -4.939705839084739, -4.9624190350075015, -4.056466278503166];168.7019531999249;4.132638599956408
[2.697863976000012, -2.4999999997503894];True;[-5.0, -5.0, -5.0, -4.064009957349811, -5.0, 0.12804035637641498, -3.362919543833014, -5.0, -5.0, -5.0];175.17872860003263;4.132638599956408
[2.5315200000000093, -2.47531935];True;[-5.0, -5.0, -5.0, -5.0, -5.0, -5.0, -5.0, -5.0, -5.0, -5.0];175.66518650006037;4.132638599956408
[2.6110715040000008, -2.495212506];True;[-5.0, -5.0, -5.0, -4.696997414929217, -5.0, -2.6562563066726144, -3.963824025701485, -5.0, -5.0, -5.0];181.48267609998584;4.132638599956408
[2.5411618080000005, -2.499999999979622];True;[-5.0, -5.0, -5.0, -5.0, -5.0, -5.0, -5.0, -4.5536143755344245, -5.0, -5.0];180.966371800052;3.945204299991019
[2.5315200000000093, -2.47531935];True;[-5.0, -5.0, -5.0, -5.0, -5.0, -5.0, -5.0, -5.0, -5.0, -5.0];184.4671248999657;3.945204299991019
[2.5968813840000076, -2.492005683];True;[-5.0, -5.0, -5.0, -5.0, -5.0, -5.0, -5.0, -1.9740106108791715, -5.0, -5.0];183.49398810009006;3.945204299991019
[2.5710335280000054, -1.8572399000000002];True;[-4.926904361981817, -5.0, -3.4928212600393875, -4.927657023482706, -4.986988266342378, -5.0, -4.927355158094255, -5.0, -4.982541066543201, -4.926399269075253];182.27533980004955;3.945204299991019
[2.5315200000000093, -2.47531935];True;[-5.0, -5.0, -5.0, -5.0, -5.0, -5.0, -5.0, -5.0, -5.0, -5.0];182.76012410002295;3.945204299991019
[2.5491814560000132, -2.2196546];True;[-5.0, -5.0, -5.0, -5.0, -5.0, -5.0, -5.0, -5.0, -4.182330224688364, -5.0];183.98780430003535;6.052916100015864
[2.7902340000000025, -2.0472873];True;[-5.0, -5.0, 4.1010508143602085, -5.0, -5.0, -5.0, -5.0, -5.0, -2.1235486316657974, -5.0];204.58080869994592;6.052916100015864
[2.5326747360000095, -2.499999999880721];True;[-5.0, -5.0, -5.0, -5.0, -5.0, -5.0, -5.0, -5.0, -4.946545964473497, -5.0];187.10032510000747;6.052916100015864
[2.5382937600000046, -2.46219832];True;[-5.0, -5.0, -5.0, -5.0, -4.843187238504392, -4.843210953441243, -5.0, -5.0, -5.0, -5.0];186.7239322999958;6.052916100015864
[2.5315200000000093, -2.47531935];True;[-5.0, -5.0, -5.0, -5.0, -5.0, -5.0, -5.0, -5.0, -5.0, -5.0];187.11228060000576;6.052916100015864
[2.578105800000008, -1.026713];True;[-5.0, -5.0, -4.193028398675636, -5.0, -5.0, -5.0, -5.0, -5.0, -3.650205348641055, -5.0];216.34147039998788;8.938972000032663
[2.597535000000012, -1.7613164000000001];True;[-5.0, -5.0, -1.9437497577851008, -5.0, -5.0, -5.0, -5.0, -5.0, -5.0, -5.0];216.38988829997834;8.938972000032663
[2.534579424000011, -2.4999999998809224];True;[-5.0, -5.0, -4.881907786053732, -5.0, -5.0, -5.0, -5.0, -5.0, -4.97645381876679, -5.0];215.06552129995544;8.938972000032663
[2.5349066640000113, -2.4999999999981624];True;[-4.923740106973674, -5.0, -4.9957101321615776, -5.0, -5.0, -5.0, -4.923743304104399, -5.0, -5.0, -5.0];214.14909329998773;8.938972000032663
[2.563129440000006, -2.499999999952374];True;[-5.0, -5.0, -5.0, -4.7073374630104174, -4.707336016058429, -4.707337265785165, -4.707337279010794, -4.707338410149225, -4.999933480810108, -5.0];212.13057260005735;8.938972000032663
[2.6396508960000036, -1.8426881000000002];True;[-5.0, -5.0, -5.0, -5.0, -5.0, -5.0, -5.0, -5.0, 0.006057543972351809, -5.0];208.23499379993882;13.880613000015728
[2.5337037600000056, -2.4999999999969678];True;[-4.9999999996877404, -4.974730088234034, -4.974795079882959, -4.9744740032756125, -5.0, -5.0, -4.999999999845186, -4.999999999958322, -4.9748892839983165, -5.0];210.4376097000204;13.880613000015728
[2.539539216000003, -1.194108];True;[-5.0, -5.0, -4.958735604223239, -5.0, -5.0, -5.0, -4.784696951768837, -5.0, -4.8853263625370085, -5.0];210.91126580000855;13.880613000015728
[2.546029152000001, -2.4999999999895124];True;[-4.999985585259373, -4.5531688576941125, -4.999929436879785, -4.867359297779842, -4.911781592479601, -5.0, -5.0, -5.0, -4.99602410525987, -5.0];210.90010249998886;13.880613000015728
[2.534666256000004, 0.08804500000000015];True;[-5.0, -5.0, -5.0, -5.0, -5.0, -5.0, -5.0, -5.0, -4.854334467637492, -5.0];210.0426648000721;13.880613000015728
[2.5315200000000093, -2.47531935];True;[-5.0, -5.0, -5.0, -5.0, -5.0, -5.0, -5.0, -5.0, -5.0, -5.0];199.89525810000487;7.956030800007284
[2.581569792000013, -2.4999999999952687];True;[-4.9999193177053876, -4.420816149483757, -5.0, -5.0, -4.999938286133007, -4.420728747985147, -4.999939526411209, -4.420759764448595, -5.0, -4.420792425124086];199.27335609996226;7.956030800007284
[2.687557320000006, -0.003953000000000095];True;[-5.0, -5.0, -5.0, -5.0, -5.0, -5.0, -5.0, -5.0, 2.2239449490364214, -5.0];200.6902186999796;7.956030800007284
[2.7590785920000025, -2.499999999975369];True;[-5.0, -5.0, -0.9919578237842872, -5.0, -5.0, -5.0, -5.0, -5.0, 1.5270948929643504, -5.0];198.94803520001005;7.956030800007284
[2.6824655520000102, -2.46021187];True;[1.252133359322384, -4.576383878049388, -5.0, -5.0, -5.0, -5.0, -5.0, -5.0, -5.0, -4.687530373306675];209.53543259995058;7.956030800007284
[2.540277504000002, -2.4999999999861666];True;[-5.0, -5.0, -5.0, -5.0, -5.0, -4.999999943812503, -5.0, -4.5945484707124065, -5.0, -5.0];202.41461730003357;3.8196129000280052
[2.573110368000009, -2.48493732];True;[-5.0, -5.0, -5.0, -5.0, -5.0, -5.0, -5.0, -5.0, -3.074518240163246, -5.0];205.86617549997754;3.8196129000280052
[2.5315200000000093, -2.47531935];True;[-5.0, -5.0, -5.0, -5.0, -5.0, -5.0, -5.0, -5.0, -5.0, -5.0];204.01059479999822;3.8196129000280052
[2.5315200000000093, -2.47531935];True;[-5.0, -5.0, -5.0, -5.0, -5.0, -5.0, -5.0, -5.0, -5.0, -5.0];203.7642368999077;3.8196129000280052
[2.652526440000011, -2.499999999994447];True;[-5.0, -5.0, -5.0, -5.0, -5.0, -5.0, -5.0, -5.0, 0.6021509544197876, -5.0];205.5522154000355;3.8196129000280052
[2.560902912000007, 0.3375840000000001];True;[-5.0, -3.6396810366034646, -5.0, -5.0, -5.0, -5.0, -5.0, -5.0, -5.0, -5.0];196.67792650009505;14.534305799985304
[2.6464942080000053, 1.582256];True;[-5.0, 0.32287398384053567, -5.0, -5.0, -5.0, -5.0, -5.0, -5.0, -5.0, -5.0];198.2251589000225;14.534305799985304
[2.787231600000009, -1.442552];True;[-5.0, -2.153888757938316, 3.9923839111144517, -5.0, -4.999999993745752, -5.0, -5.0, -5.0, -4.999999999996279, -5.0];207.81989639997482;14.534305799985304
[2.6690904000000044, -2.2024825];True;[-4.998276100334746, 1.1483712848277774, -5.0, -4.9988557698949085, -5.0, -4.999034306304356, -4.9976563128211025, -4.89652655521671, -4.997178125508352, -4.891891088806977];197.47421050001867;14.534305799985304
[2.6369221680000026, -2.498075555];True;[-5.0, -5.0, -5.0, -5.0, -5.0, -5.0, -4.855764894149538, -5.0, -4.3000451394049, -0.9644674090377023];198.77457260002848;14.534305799985304
[2.5944090480000126, -2.0053652];True;[-5.0, -5.0, -5.0, -5.0, -5.0, -5.0, -2.0884748218508067, -5.0, -5.0, -5.0];182.69067239994183;13.699053499964066
[2.687956272000011, -2.43783942];True;[-5.0, -5.0, -4.81342176517859, -2.6391010951754716, -0.456953141504604, -5.0, -5.0, -4.852833059552514, -5.0, -4.9952711242004915];220.24414959992282;13.699053499964066
[2.81522714400001, -0.967395];True;[1.4622307684357052, -5.0, -5.0, -5.0, -5.0, -2.3968600539437004, -4.40129501878234, -4.998657986482168, -5.0, -1.5308272644144427];182.2760262999218;13.699053499964066
[3.077250480000002, -2.090255];True;[1.7659350120713002, 4.868691658767894, -3.2685603132950707, -3.6633085360969573, -3.36576185632343, -4.627890701589556, -4.37194755177909, -4.625082634364391, -3.4859603546360898, -3.960810119198319];187.70106619992293;13.699053499964066
[2.556356760000003, -2.46718618];True;[-5.0, -5.0, -5.0, -5.0, -5.0, -5.0, -5.0, -3.8501522095651195, -5.0, -5.0];182.49729339999612;13.699053499964066
[2.6244548640000085, -1.7060825];True;[-5.0, -5.0, -4.9997524344669015, -5.0, -0.7111452207464772, -5.0, -5.0, -4.986558819935682, -5.0, -5.0];190.09723029995803;8.697954099974595
[2.5809267600000045, -1.7412792000000001];True;[-5.0, -5.0, -5.0, -5.0, -5.0, -5.0, -5.0, -2.7126496115730188, -5.0, -5.0];178.78412189998198;8.697954099974595
[2.7133665120000066, -2.46724232];True;[-0.9163380527596052, -5.0, -5.0, -5.0, -0.9468239750084093, -4.728021989306539, -5.0, -5.0, -4.989994517451185, -5.0];190.46448219998274;8.697954099974595
[2.5315200000000093, -2.47531935];True;[-5.0, -5.0, -5.0, -5.0, -5.0, -5.0, -5.0, -5.0, -5.0, -5.0];179.93198360002134;8.697954099974595
[2.6657868960000135, -2.498364129];True;[-5.0, -5.0, -2.4633882377917082, -5.0, -4.907544798044299, -5.0, -1.4129949330020901, -5.0, -5.0, -5.0];182.06928389996756;8.697954099974595
[2.8250694000000047, -2.47926101];True;[-5.0, -5.0, -5.0, -5.0, -5.0, -5.0, 4.965933343021176, -1.3756851514851505, -5.0, -5.0];195.01188810006715;9.357556300004944
[3.1584740400000118, -2.2180676];True;[-4.263624044213245, -3.9330615277097762, 2.009273432566059, -4.920132900738246, -2.257352721189414, -2.8456869773117544, 1.8589216474057322, 1.311145335825592, -4.0824375106094974, -3.8514181417334816];190.28925160004292;9.357556300004944
[2.581523784000006, -2.40493745];True;[-5.0, -5.0, -5.0, -4.9801757285670885, -2.704850718086305, -5.0, -5.0, -5.0, -5.0, -5.0];203.99068839999381;9.357556300004944
[2.7098558640000077, -0.9881249999999999];True;[-5.0, -5.0, -5.0, -5.0, -1.181187804924683, -3.9190019668928113, -5.0, -2.5349228431118744, -4.1086002626221605, -5.0];204.95613079995383;9.357556300004944
[2.5315200000000093, -2.47531935];True;[-5.0, -5.0, -5.0, -5.0, -5.0, -5.0, -5.0, -5.0, -5.0, -5.0];199.62254880007822;9.357556300004944
[2.606990832, -2.497452896];True;[-5.0, -5.0, -5.0, -5.0, -5.0, -5.0, -1.5246152441385314, -4.988587713170275, -5.0, -4.992782416795481];196.64454819995444;10.627305099973455
[2.7011504160000115, -2.45235438];True;[-1.8012166222583366, -5.0, -5.0, -5.0, -5.0, -5.0, -5.0, -2.6727724231311907, -5.0, -2.672772422851111];193.88102299999446;10.627305099973455
[2.7512159760000046, -2.4764168];True;[-5.0, -5.0, -1.7043984196073945, -3.4803266097713514, -4.728733633768659, -5.0, -5.0, 0.0845707372573763, -5.0, -5.0];199.48966820002533;10.627305099973455
[2.589187248000002, -2.494380107];True;[-3.798710647599212, -5.0, -5.0, -4.37364768666156, -5.0, -5.0, -4.157866986896863, -5.0, -5.0, -5.0];201.70676420000382;10.627305099973455
[2.9365247520000137, -2.4999999999967053];True;[-5.0, -5.0, 2.6173395809890714, -5.0, -5.0, -4.50293855820618, -3.669791070437705, 3.1136614620681407, -3.808056316524418, -5.0];194.54253580002114;10.627305099973455
[2.614269384000001, -2.1333332];True;[-5.0, -1.169005624198073, -5.0, -5.0, -5.0, -5.0, -5.0, -5.0, -5.0, -5.0];199.86014720005915;7.733073499985039
[2.5675371360000114, -2.492128939];True;[-3.5798388170641404, -4.753815055990341, -5.0, -5.0, -5.0, -5.0, -4.998891539258536, -5.0, -5.0, -5.0];204.41451780009083;7.733073499985039
[2.6566272000000115, 13.638929999999998];True;[-5.0, -5.0, -5.0, -5.0, -5.0, 0.788953336914398, -5.0, -5.0, -4.996955067272424, -5.0];193.2258510000538;7.733073499985039
[2.5562079360000043, -2.41752794];True;[-4.630846255346439, -5.0, -5.0, -4.60571045341929, -5.0, -5.0, -5.0, -5.0, -5.0, -4.620468035975703];203.9572027999675;7.733073499985039
[2.5374116160000044, -1.7226102];True;[-5.0, -4.727234173765469, -5.0, -5.0, -5.0, -5.0, -5.0, -5.0, -5.0, -5.0];195.67351029999554;7.733073499985039
[2.543015520000011, -2.41058709];True;[-5.0, -5.0, -5.0, -5.0, -5.0, -4.477961707008299, -4.989840723387417, -5.0, -5.0, -5.0];198.91722970001865;9.453736199997365
[2.5532902080000057, 0.867782];True;[-5.0, -5.0, -5.0, -5.0, -5.0, -5.0, -3.992126472996282, -5.0, -5.0, -5.0];195.61672349995933;9.453736199997365
[2.5366366080000065, -2.499999999997822];True;[-4.881543026805726, -5.0, -5.0, -5.0, -5.0, -5.0, -4.881549978110299, -5.0, -5.0, -5.0];197.06509050005116;9.453736199997365
[2.545015680000012, -2.4999999999977582];True;[-5.0, -5.0, -4.6876651292024665, -5.0, -5.0, -5.0, -5.0, -5.0, -5.0, -4.68753634614477];203.81706719996873;9.453736199997365
[2.5413540480000023, -0.8959459999999999];True;[-5.0, -5.0, -5.0, -5.0, -5.0, -5.0, -4.54470435525524, -5.0, -5.0, -5.0];198.9106665001018;9.453736199997365
[2.5825374720000043, -2.48023738];True;[-3.048149566873525, -5.0, -5.0, -5.0, -5.0, -4.589932957181537, -5.0, -5.0, -5.0, -5.0];178.0868718000129;8.162068199948408
[2.532650976, -2.43786235];True;[-4.973466188039525, -5.0, -5.0, -4.974172325485139, -5.0, -5.0, -5.0, -5.0, -5.0, -5.0];175.67673589999322;8.162068199948408
[2.564827848000009, -2.47021019];True;[-3.8714183766200536, -5.0, -4.586575457820327, -5.0, -5.0, -5.0, -5.0, -5.0, -5.0, -5.0];177.1369578000158;8.162068199948408
[2.5347729600000006, -2.3798954];True;[-5.0, -5.0, -5.0, -5.0, -5.0, -4.849399220774924, -5.0, -5.0, -5.0, -5.0];174.59389300004113;8.162068199948408
[2.5705712880000062, -2.499999999997857];True;[-4.547440897966872, -5.0, -5.0, -5.0, -4.547767173302045, -5.0, -5.0, -4.54798212001302, -5.0, -4.548870858533655];175.00554539996665;8.162068199948408
[2.5373571840000135, -0.803766];True;[-5.0, -5.0, -5.0, -4.729759057790477, -5.0, -5.0, -5.0, -5.0, -5.0, -5.0];183.50407540006563;5.59066999994684
[2.540267568000007, -2.46406799];True;[-4.938237889487405, -5.0, -5.0, -5.0, -5.0, -4.656778357999505, -5.0, -5.0, -5.0, -4.999999999999758];182.02103499998339;5.59066999994684
[2.538874368000002, -2.499999999997758];True;[-4.829775900091229, -5.0, -5.0, -5.0, -5.0, -5.0, -5.0, -4.829775846661104, -5.0, -5.0];183.13929339998867;5.59066999994684
[2.5315200000000093, -2.47531935];True;[-5.0, -5.0, -5.0, -5.0, -5.0, -5.0, -5.0, -5.0, -5.0, -5.0];184.1728090000106;5.59066999994684
[2.536873344000004, -2.4999999999988898];True;[-4.999993011524982, -5.0, -4.999992619275995, -4.876086773025823, -5.0, -5.0, -5.0, -5.0, -5.0, -4.876087627313059];183.13769630005118;5.59066999994684
[2.5334935920000023, -2.48170648];True;[-5.0, -5.0, -5.0, -5.0, -5.0, -4.908627211738636, -5.0, -5.0, -5.0, -5.0];182.2919742000522;5.407995800022036
[2.5328885760000084, -1.9039012];True;[-5.0, -5.0, -5.0, -5.0, -5.0, -4.936640905688961, -5.0, -5.0, -5.0, -5.0];182.10586809995584;5.407995800022036
[2.5315200000000093, -2.47531935];True;[-5.0, -5.0, -5.0, -5.0, -5.0, -5.0, -5.0, -5.0, -5.0, -5.0];181.04150819999631;5.407995800022036
[2.558342016000012, -2.499999999921233];True;[-5.0, -5.0, -4.693632593355442, -4.6928045557625975, -4.678503571556866, -5.0, -5.0, -5.0, -5.0, -4.693300454025591];187.3498655000003;5.407995800022036
[2.5600246560000124, -2.3700003];True;[-4.900637500413155, -5.0, -5.0, -4.899075756002135, -5.0, -4.778228392647319, -5.0, -4.959587990706569, -5.0, -4.142781566982729];181.08015249995515;5.407995800022036
[2.5366674960000113, -2.499999999775285];True;[-5.0, -5.0, -5.0, -5.0, -5.0, -4.76168793590899, -5.0, -5.0, -5.0, -5.0];195.15384120005183;5.249188499990851
[2.5317239040000135, -1.005471];True;[-4.99763521370088, -5.0, -4.997635215985473, -5.0, -4.997635215363173, -5.0, -5.0, -4.997635210515054, -5.0, -5.0];195.19627640000544;5.249188499990851
[2.5491618000000047, -2.4999999999937903];True;[-4.836594125879685, -5.0, -4.836594032677026, -4.836593925865209, -4.836866528335661, -5.0, -5.0, -5.0, -5.0, -4.836594035079792];198.52736009994987;5.249188499990851
[2.663445888000007, -2.48562366];True;[-5.0, -5.0, -5.0, -5.0, -5.0, -0.8056717547136998, -3.0866275496362134, -5.0, -5.0, -5.0];190.12216839997564;5.249188499990851
[2.5671729600000024, -2.499999999994729];True;[-5.0, -4.669898710698641, -5.0, -4.669898710698641, -5.0, -4.66989871069864, -5.0, -4.669898710698641, -5.0, -4.669898710698641];195.28468469996005;5.249188499990851
[2.548383120000011, -2.48639911];True;[-4.740025873392676, -5.0, -5.0, -4.739711642192528, -5.0, -5.0, -5.0, -5.0, -5.0, -4.739547421159853];194.92999970004894;12.714922500075772
[2.6282352960000086, -1.6631205];True;[-5.0, -5.0, -5.0, -5.0, -5.0, -5.0, -0.5224414303804457, -5.0, -5.0, -5.0];189.9138180000009;12.714922500075772
[2.5559608320000065, -2.4993312752];True;[-4.371032810351309, -5.0, -5.0, -5.0, -5.0, -4.6841950158273535, -4.813261140226892, -5.0, -5.0, -5.0];190.8165381998988;12.714922500075772
[2.5474249440000096, -2.4999999999391496];True;[-4.999999986922979, -5.0, -5.0, -5.0, -4.999999967358065, -4.999999940362751, -5.0, -4.2636656232920265, -5.0, -5.0];189.8486120000016;12.714922500075772
[2.5882716240000074, -2.48979877];True;[-5.0, -5.0, -5.0, -5.0, -5.0, -3.4175211055049095, -3.955092117981132, -5.0, -5.0, -5.0];203.02161019993946;12.714922500075772
[2.5382738880000004, -1.447024];True;[-4.843642329741151, -5.0, -5.0, -5.0, -4.8436760290026255, -5.0, -5.0, -5.0, -5.0, -5.0];180.9342073999578;4.331673000007868
[2.5545538080000014, -2.45053212];True;[-3.9404413199683574, -5.0, -5.0, -5.0, -5.0, -4.993170494259012, -5.0, -5.0, -5.0, -5.0];183.11106689996086;4.331673000007868
[2.783088072000006, -2.48617976];True;[-5.0, 3.209088822626816, -5.0, -5.0, -5.0, -1.5804407109141945, -4.981977518736957, -5.0, -5.0, -5.0];195.45460810000077;4.331673000007868
[2.757404376, -1.815051];True;[-5.0, -1.9599461126896949, -5.0, -5.0, -5.0, -1.6133778063363224, -0.9690281766550868, -5.0, -5.0, -5.0];184.0978718000697;4.331673000007868
[2.5315200000000093, -2.47531935];True;[-5.0, -5.0, -5.0, -5.0, -5.0, -5.0, -5.0, -5.0, -5.0, -5.0];183.09543760004453;4.331673000007868
[2.5315200000000093, -2.47531935];True;[-5.0, -5.0, -5.0, -5.0, -5.0, -5.0, -5.0, -5.0, -5.0, -5.0];186.32246920000762;5.240710100042634
[2.56751229600001, -2.4999999999982885];True;[-4.632256990522503, -5.0, -4.154862710917928, -4.630959913748524, -4.99959977042789, -5.0, -5.0, -5.0, -4.9159979735016215, -5.0];182.06017539999448;5.240710100042634
[2.557852128000013, -2.384723];True;[-5.0, -4.680277158767197, -5.0, -5.0, -4.948376878758611, -5.0, -5.0, -5.0, -5.0, -4.15226573192514];184.70736260002013;5.240710100042634
[2.540560032000011, -2.499999999998222];True;[-4.916315963825176, -5.0, -4.848165403230685, -5.0, -4.817016325092909, -5.0, -5.0, -5.0, -5.0, -5.0];184.4306911000749;5.240710100042634
[2.543537592000003, -2.3724418];True;[-4.812137618090201, -5.0, -4.814806836990602, -4.99912426758533, -5.0, -4.817557180960422, -5.0, -5.0, -5.0, -5.0];181.49699710006826;5.240710100042634
[2.547555408000002, -2.4999999999976605];True;[-5.0, -4.466335684310698, -5.0, -5.0, -5.0, -4.802107109663259, -4.989186143098543, -5.0, -5.0, -5.0];186.34121029998641;17.724561600014567
[2.545406424000002, -0.2023830000000002];True;[-4.753152244890023, -5.0, -4.85081003675663, -4.753152244567228, -5.0, -5.0, -5.0, -5.0, -5.0, -5.0];186.68980070005637;17.724561600014567
[2.546661384000004, -2.499999999997271];True;[-5.0, -4.746193671116165, -5.0, -5.0, -5.0, -4.6391346293708615, -4.913693380411017, -5.0, -5.0, -5.0];182.68492350005545;17.724561600014567
[2.5451582400000117, -2.49999999996475];True;[-5.0, -4.8510759151924825, -5.0, -5.0, -5.0, -4.517515749010243, -5.0, -5.0, -5.0, -5.0];185.64035530004185;17.724561600014567
[2.551293288000009, -2.4999999999964357];True;[-4.996545974774676, -4.829181123657412, -4.788367912841841, -4.736394683732708, -4.9148114183892755, -5.0, -5.0, -4.992795986917793, -5.0, -4.826452610894046];189.45605090004392;17.724561600014567
[2.538034128000008, -2.48561726];True;[-5.0, -5.0, -5.0, -5.0, -5.0, -4.965254829720592, -5.0, -5.0, -5.0, -4.733154442310672];195.02554840000812;10.290878700092435
[2.589345792, -2.47884527];True;[-5.0, -5.0, -5.0, -5.0, -5.0, -3.80559714059264, -3.5172701647678704, -5.0, -5.0, -5.0];201.96108539996203;10.290878700092435
[2.5405654320000135, -2.47703762];True;[-5.0, -5.0, -5.0, -4.999980150005917, -5.0, -5.0, -5.0, -5.0, -5.0, -4.581232448874363];191.05267959996127;10.290878700092435
[2.556841680000005, -2.47977005];True;[-5.0, -5.0, -5.0, -4.7839578079509835, -5.0, -4.47683088825678, -5.0, -4.855669510279105, -5.0, -4.71121730047874];191.3339438000694;10.290878700092435
[2.5539243840000116, -2.2329906];True;[-4.751785122974557, -5.0, -4.8234012564352815, -4.87251332806478, -5.0, -4.704823544223863, -5.0, -4.8102352011054705, -5.0, -5.0];191.20690839993767;10.290878700092435
[2.5315200000000093, -2.47531935];True;[-5.0, -5.0, -5.0, -5.0, -5.0, -5.0, -5.0, -5.0, -5.0, -5.0];183.4264991999371;4.706598599907011
[2.5394597280000015, -2.45616459];True;[-4.816204369889321, -5.0, -5.0, -5.0, -5.0, -5.0, -5.0, -4.816204370027141, -5.0, -5.0];181.00936839997303;4.706598599907011
[2.5341037920000034, -2.45266835];True;[-5.0, -5.0, -5.0, -5.0, -5.0, -4.880371829485439, -5.0, -5.0, -5.0, -5.0];179.3364930000389;4.706598599907011
[2.5437127680000007, -2.0809739];True;[-5.0, -5.0, -5.0, -4.813536301806906, -5.0, -4.811018858559204, -5.0, -5.0, -5.0, -4.811018638614885];181.62096720002592;4.706598599907011
[2.546071272000003, -2.48783608];True;[-4.9934449998228985, -5.0, -5.0, -4.740369398373703, -4.9882340417166136, -4.667583662366444, -4.956152588905795, -4.999999681801212, -5.0, -4.980560060963484];179.94613000005484;4.706598599907011
[2.534121936, -2.1909069];True;[-5.0, -4.879530462531527, -5.0, -5.0, -5.0, -5.0, -5.0, -5.0, -5.0, -5.0];192.93144389998633;12.026745700044557
[2.5376494320000083, -2.4999999999937073];True;[-5.0, -5.0, -4.9946365696670005, -4.9071994501900305, -5.0, -4.907178796950205, -5.0, -5.0, -5.0, -4.907232313952107];192.19452459993772;12.026745700044557
[2.539430136000012, -2.46549381];True;[-4.9083959150751415, -5.0, -5.0, -4.9083959150751415, -5.0, -4.908596512745463, -5.0, -5.0, -5.0, -4.9083959150751415];192.750812400016;12.026745700044557
[2.5480874160000027, -2.492665013];True;[-4.859387262333097, -4.738021709634144, -4.8984785576716785, -4.978741839332678, -5.0, -4.893716186544557, -5.0, -4.999247024270184, -5.0, -4.86541804440016];193.35588869999629;12.026745700044557
[2.602832400000005, -2.0805988];True;[-5.0, -4.354029707598613, -5.0, -5.0, -5.0, -3.4295964245974484, -3.914879029688655, -5.0, -5.0, -5.0];199.41401730000507;12.026745700044557
[2.541687552000002, -2.499999999993372];True;[-5.0, -5.0, -5.0, -5.0, -5.0, -4.529283759735556, -5.0, -5.0, -5.0, -5.0];178.58126710006036;9.781666500028223
[2.5614908640000102, -1.7697957];True;[-5.0, -5.0, -5.0, -5.0, -5.0, -4.2572518447843475, -4.355209063142593, -5.0, -5.0, -5.0];192.98258059995715;9.781666500028223
[2.5474212720000002, -2.4837107];True;[-4.632248177212627, -5.0, -5.0, -5.0, -5.0, -5.0, -5.0, -5.0, -5.0, -4.631589689788843];189.99939339992125;9.781666500028223
[2.5455898080000012, -2.499999999995676];True;[-4.784640217617525, -5.0, -5.0, -5.0, -4.9947029049062985, -5.0, -5.0, -4.78464021596323, -5.0, -4.784640218418258];186.24754729995038;9.781666500028223
[2.5782976080000046, -2.2363265];True;[-5.0, -5.0, -5.0, -5.0, -5.0, -5.0, -2.8343646175823247, -5.0, -5.0, -5.0];185.83411799999885;9.781666500028223
[2.5380859680000087, -0.5758970000000001];True;[-5.0, -4.7223400947482315, -5.0, -5.0, -5.0, -5.0, -4.973678659915402, -5.0, -5.0, -5.0];175.83483080007136;13.091802799957804
[2.585251296000013, -1.7668483];True;[-5.0, -5.0, -5.0, -5.0, -5.0, -5.0, -2.5124415824447937, -5.0, -5.0, -5.0];176.72719700005837;13.091802799957804
[2.533940064000012, -2.4999999999961586];True;[-5.0, -4.990537513205137, -5.0, -5.0, -5.0, -5.0, -4.897433632167628, -5.0, -5.0, -5.0];180.62167449994013;13.091802799957804
[2.5643072880000006, -2.4999999999925144];True;[-5.0, -4.201314111725664, -5.0, -5.0, -5.0, -5.0, -4.280746654134717, -5.0, -5.0, -5.0];179.1992533999728;13.091802799957804
[2.5841706480000113, -2.41712369];True;[-5.0, -4.0023144587919655, -5.0, -5.0, -5.0, -5.0, -3.560148682902672, -5.0, -5.0, -5.0];178.18917949998286;13.091802799957804
[2.5670856960000044, -2.47648441];True;[-4.860597784429389, -4.602506172324124, -4.931934607341628, -4.993483336346138, -4.995670467469583, -4.204452235568089, -4.910696222922946, -5.0, -5.0, -4.8540974037202975];176.64276580000296;9.40326669998467
[2.537295840000009, -2.48730224];True;[-4.732646266726612, -5.0, -5.0, -4.999959841763476, -5.0, -5.0, -5.0, -5.0, -5.0, -5.0];178.91387089993805;9.40326669998467
[2.579786712000001, -1.7413136];True;[-5.0, -2.7654254442343724, -5.0, -5.0, -5.0, -5.0, -5.0, -5.0, -5.0, -5.0];177.47004289994948;9.40326669998467
[2.5362890640000106, -2.46344366];True;[-4.779258369386351, -5.0, -5.0, -4.9999579687509605, -4.9999793333291755, -5.0, -5.0, -5.0, -5.0, -5.0];177.4548749999376;9.40326669998467
[2.5497797760000025, -2.1333306];True;[-5.0, -5.0, -4.691034359389187, -4.691320420067834, -5.0, -4.772279152853023, -5.0, -5.0, -5.0, -5.0];175.05147810000926;9.40326669998467
[2.5348038480000055, -2.3781811];True;[-5.0, -4.856493226356591, -5.0, -5.0, -5.0, -4.9914930681127645, -5.0, -5.0, -5.0, -5.0];177.22429150005337;9.877214699983597
[2.565143856000013, -2.499999999967053];True;[-3.519373815782786, -4.9993654258773095, -5.0, -5.0, -5.0, -5.0, -5.0, -4.9246190387400475, -5.0, -5.0];178.78027039999142;9.877214699983597
[2.5548724080000085, -2.499999999978082];True;[-4.639604834546332, -5.0, -5.0, -5.0, -5.0, -5.0, -5.0, -4.639747670723625, -5.0, -4.639513486715374];178.46144550002646;9.877214699983597
[2.547516312000009, -2.4875285];True;[-4.850491775371201, -4.912973405817764, -4.84220293439621, -4.842042649317961, -5.0, -5.0, -5.0, -4.992174360842949, -5.0, -4.819544768965572];179.90645890007727;9.877214699983597
[2.5610035680000003, -2.45925045];True;[-4.0613881224612065, -5.0, -4.918732327567152, -5.0, -5.0, -4.654891163288018, -5.0, -5.0, -5.0, -5.0];178.01124640007038;9.877214699983597
[2.5315200000000093, -2.47531935];True;[-5.0, -5.0, -5.0, -5.0, -5.0, -5.0, -5.0, -5.0, -5.0, -5.0];184.7925641000038;9.484161800006405
[2.553556320000011, -2.46237148];True;[-4.9996961327429785, -4.960413768456746, -4.999999753589994, -5.0, -5.0, -4.999957753459289, -5.0, -5.0, -5.0, -4.0197487453041845];185.78145029989537;9.484161800006405
[2.5662409200000043, -1.952331];True;[-5.0, -5.0, -5.0, -3.7681924260841964, -5.0, -4.6975471836168134, -5.0, -5.0, -5.0, -4.926807350067422];197.62756720010657;9.484161800006405
[2.572029504000012, -2.490034921];True;[-5.0, -5.0, -5.0, -5.0, -5.0, -4.596468921135735, -3.528098377235124, -5.0, -5.0, -5.0];189.25329820008483;9.484161800006405
[2.538185976000001, -2.43788669];True;[-5.0, -5.0, -5.0, -5.0, -5.0, -5.0, -5.0, -5.0, -5.0, -4.691391931490056];185.63104969996493;9.484161800006405
[2.548773000000004, -1.176082];True;[-5.0, -5.0, -5.0, -5.0, -5.0, -4.374772882085697, -4.826484221565408, -5.0, -5.0, -5.0];307.7225107999984;14.496210299897939
[2.5373105280000057, -1.8547276];True;[-4.865955309048657, -5.0, -5.0, -5.0, -5.0, -5.0, -5.0, -5.0, -5.0, -4.8659564319667945];305.3765798000386;14.496210299897939
[2.5500337920000007, -2.46647426];True;[-4.999999998993113, -5.0, -5.0, -4.999999610445389, -5.0, -4.63078982517899, -4.989290597633572, -5.0, -5.0, -4.522795275609429];300.9152030000696;14.496210299897939
[2.6281949040000003, -2.48788611];True;[-5.0, -5.0, -5.0, -5.0, -5.0, -1.7393072330508903, -3.7850031060987845, -5.0, -5.0, -5.0];297.6069868000923;14.496210299897939
[2.6913263040000137, -2.4999999999977995];True;[-5.0, -5.0, -5.0, -5.0, -5.0, -2.620990599486259, 0.01942591204149391, -5.0, -5.0, -5.0];300.2671308000572;14.496210299897939
[2.5498979280000054, -2.499999999995128];True;[-4.789936680520767, -5.0, -4.789936680520767, -5.0, -5.0, -4.989451523014019, -5.0, -4.789936680520767, -5.0, -4.789936680520767];283.8794927999843;18.732747900066897
[2.5644798720000086, -2.48831562];True;[-4.4928032356409595, -5.0, -5.0, -4.492803135967609, -5.0, -4.995695521725688, -5.0, -5.0, -5.0, -4.492803172921426];287.2246990998974;18.732747900066897
[2.563734888000005, -2.46053223];True;[-4.691610578656032, -4.746137393102997, -5.0, -4.996872563988128, -5.0, -4.939076278191943, -5.0, -5.0, -5.0, -4.13489143187861];284.87046180001926;18.732747900066897
[2.5455332160000124, -2.46251495];True;[-5.0, -5.0, -5.0, -4.675061577723324, -5.0, -4.999403480259707, -5.0, -5.0, -5.0, -4.676743732960223];285.09624730004;18.732747900066897
[2.5315200000000093, -2.47531935];True;[-5.0, -5.0, -5.0, -5.0, -5.0, -5.0, -5.0, -5.0, -5.0, -5.0];284.5626966999844;18.732747900066897
[2.5315200000000093, -2.47531935];True;[-5.0, -5.0, -5.0, -5.0, -5.0, -5.0, -5.0, -5.0, -5.0, -5.0];173.3031165000284;4.719934899942018
[2.540389824000011, -1.5968084];True;[-5.0, -4.5893588221744475, -5.0, -5.0, -5.0, -5.0, -5.0, -5.0, -5.0, -5.0];174.84129350003786;4.719934899942018
[2.5632089280000074, -1.5372018];True;[-4.5140482475086365, -5.0, -4.5140482463758875, -5.0, -4.995391505953852, -4.9953915055429166, -5.0, -5.0, -5.0, -4.514048242620081];179.54383480001707;4.719934899942018
[2.5315200000000093, -2.47531935];True;[-5.0, -5.0, -5.0, -5.0, -5.0, -5.0, -5.0, -5.0, -5.0, -5.0];173.08091929997317;4.719934899942018
[2.550402288000006, -2.499999999955292];True;[-4.670610153360088, -4.660136528033964, -4.9885302300631915, -4.982035960494433, -5.0, -5.0, -5.0, -4.911910399435201, -5.0, -4.912602459143494];175.74598929996137;4.719934899942018
[2.538729216000013, -2.45207808];True;[-5.0, -5.0, -5.0, -5.0, -5.0, -4.666235943348805, -5.0, -5.0, -5.0, -5.0];188.78980539995246;9.598435700056143
[2.5449837120000014, -0.8232630000000001];True;[-5.0, -5.0, -4.688334203601708, -5.0, -4.688334417978201, -5.0, -5.0, -5.0, -5.0, -5.0];189.56151470006444;9.598435700056143
[2.547493632000006, -2.47389198];True;[-4.6302564635081795, -5.0, -5.0, -5.0, -5.0, -5.0, -5.0, -4.630256033174312, -5.0, -5.0];185.19430440000724;9.598435700056143
[2.5674412320000064, -0.919162];True;[-4.350628339791914, -4.999458933251481, -5.0, -4.35062848587768, -4.636828013522666, -5.0, -5.0, -5.0, -5.0, -4.999458737160488];196.1448003000114;9.598435700056143
[2.543990976000013, -2.49996895892];True;[-5.0, -5.0, -5.0, -5.0, -4.49824317932471, -4.924414443243532, -5.0, -5.0, -5.0, -5.0];189.6266859000316;9.598435700056143
[2.5381615680000054, -2.4999999999946767];True;[-5.0, -5.0, -4.8471837459005, -5.0, -5.0, -5.0, -5.0, -4.998123507129696, -5.0, -4.8472029500043075];212.30963759997394;13.096750000026077
[2.676954528, -0.825385];True;[-5.0, 1.7330885695570188, -5.0, -5.0, -5.0, -5.0, -5.0, -5.0, -5.0, -5.0];212.77066539996304;13.096750000026077
[2.585916144, -2.496065358];True;[-5.0, -4.457698250818983, -5.0, -5.0, -5.0, -5.0, -3.0239638132177435, -5.0, -5.0, -5.0];214.54961250000633;13.096750000026077
[2.5457293440000055, -2.45265653];True;[-5.0, -5.0, -5.0, -5.0, -5.0, -5.0, -5.0, -5.0, -4.342159095156706, -5.0];216.5848074000096;13.096750000026077
[2.5485686640000087, -2.48534288];True;[-4.996862586349549, -4.743898305981215, -4.999995005614993, -4.734183375338106, -5.0, -5.0, -5.0, -4.999330495770422, -5.0, -4.736434311707834];216.40255439991597;13.096750000026077
[2.5565112, -2.46108456];True;[-4.42396171406684, -5.0, -5.0, -5.0, -5.0, -5.0, -5.0, -4.995093274829424, -5.0, -4.423961722795104];171.87204749998637;4.909924200037494
[2.5600879440000055, -2.47887706];True;[-4.999959908965459, -5.0, -3.833297367756526, -5.0, -5.0, -4.844148676651369, -5.0, -4.999992990877423, -5.0, -4.999992600973895];169.4717700999463;4.909924200037494
[2.5871471280000113, -2.499999999943028];True;[-4.3565602333749105, -5.0, -4.356560231451011, -4.358132180969367, -4.998428053021732, -5.0, -5.0, -4.998428053848167, -5.0, -4.356560231527503];176.37613560003228;4.909924200037494
[2.5315200000000093, -2.47531935];True;[-5.0, -5.0, -5.0, -5.0, -5.0, -5.0, -5.0, -5.0, -5.0, -5.0];176.16788399999496;4.909924200037494
[2.7475200000000033, -2.0639388];True;[-5.0, 5.0, -5.0, -5.0, -5.0, -5.0, -5.0, -5.0, -5.0, -5.0];186.53651470004115;4.909924200037494
[2.533933152000012, -2.0491773];True;[-5.0, -4.88827748587224, -5.0, -5.0, -5.0, -5.0, -5.0, -5.0, -5.0, -5.0];172.0186381000094;11.15380460000597
[2.5469251200000014, -2.3375351];True;[-4.9474161698025, -4.889699305175821, -5.0, -5.0, -5.0, -5.0, -5.0, -5.0, -5.0, -4.449714986349093];175.21683499997016;11.15380460000597
[2.553729552000006, -2.4999999999978595];True;[-4.742470517507746, -4.996103933906611, -5.0, -5.0, -5.0, -4.748517906154919, -5.0, -4.7428461365397645, -5.0, -4.741852676701194];171.94951019994915;11.15380460000597
[2.5480666800000025, -2.45598589];True;[-4.739633955905837, -4.81982229482651, -5.0, -5.0, -5.0, -5.0, -5.0, -4.674498776509548, -5.0, -5.0];172.30423460004386;11.15380460000597
[2.538247536000002, -2.499999999888633];True;[-4.844267748171144, -5.0, -5.0, -5.0, -5.0, -5.0, -5.0, -5.0, -5.0, -4.844267748171144];169.15502330008894;11.15380460000597
[2.5315200000000093, -2.47531935];True;[-5.0, -5.0, -5.0, -5.0, -5.0, -5.0, -5.0, -5.0, -5.0, -5.0];176.01840639999136;6.325624600052834
[2.5315200000000093, -2.47531935];True;[-5.0, -5.0, -5.0, -5.0, -5.0, -5.0, -5.0, -5.0, -5.0, -5.0];177.14709320000838;6.325624600052834
[2.5423752960000017, -1.8862815];True;[-5.0, -5.0, -5.0, -4.832487172447095, -5.0, -4.832489706419963, -5.0, -5.0, -5.0, -4.832488941245574];178.10062339995056;6.325624600052834
[2.541146256000007, -2.1265747];True;[-4.888582890007732, -5.0, -4.888582890007732, -5.0, -5.0, -5.0, -5.0, -4.888582890007732, -5.0, -4.888582890007732];175.5933759000618;6.325624600052834
[2.5376323680000032, -2.48753368];True;[-5.0, -4.883817911736693, -5.0, -5.0, -5.0, -4.833224215127947, -5.0, -5.0, -5.0, -5.0];176.44687280000653;6.325624600052834
[2.5692100560000126, -2.492681514];True;[-5.0, -5.0, -5.0, -5.0, -5.0, -5.0, -3.2550929670228856, -5.0, -5.0, -5.0];163.2431368000107;11.392133199959062
[2.5461838080000074, -0.4704579999999998];True;[-5.0, -4.9999999999760405, -5.0, -5.0, -5.0, -4.811982951847008, -5.0, -5.0, -5.0, -4.509115851816387];164.50072010001168;11.392133199959062
[2.5335616320000116, -2.499999999996142];True;[-5.0, -5.0, -5.0, -5.0, -5.0, -4.976009422399883, -4.929473991825474, -5.0, -5.0, -5.0];163.15245169994887;11.392133199959062
[2.553207264000004, -2.499999999969591];True;[-5.0, -4.299154339229776, -5.0, -5.0, -5.0, -5.0, -4.69681246496488, -5.0, -5.0, -5.0];162.45928700000513;11.392133199959062
[2.5385203440000117, -2.4994347896];True;[-5.0, -4.875159747691718, -5.0, -5.0, -5.0, -4.800746432579299, -5.0, -5.0, -5.0, -5.0];163.54731469997205;11.392133199959062
[2.5567090560000008, -2.1142884];True;[-5.0, -4.998754014703037, -4.99927203918408, -5.0, -3.8760964063504817, -4.99680226322371, -4.963663525527145, -5.0, -5.0, -4.999251503827073];188.44056009990163;4.190877399989404
[2.54384582400001, -2.46877281];True;[-4.714694506727889, -5.0, -5.0, -5.0, -5.0, -5.0, -5.0, -5.0, -5.0, -4.714693381867731];160.9885379000334;4.190877399989404
[2.564260848000002, -2.4999999998853406];True;[-4.348635049736779, -5.0, -5.0, -4.999361633060903, -5.0, -5.0, -5.0, -4.787613570735896, -5.0, -4.3486258398349005];161.37217819993384;4.190877399989404
[2.5315200000000093, -2.47531935];True;[-5.0, -5.0, -5.0, -5.0, -5.0, -5.0, -5.0, -5.0, -5.0, -5.0];156.25823329994455;4.190877399989404
[2.5717029120000126, -2.48678336];True;[-4.997739715999328, -5.0, -4.999277944229812, -4.995593489169033, -4.9985377614846636, -5.0, -4.992746703038873, -4.999487944841249, -5.0, -3.1562926842761336];154.90533649991266;4.190877399989404
[2.542623912000011, -2.497222113];True;[-4.747835204224477, -5.0, -5.0, -4.742972003130697, -5.0, -5.0, -5.0, -5.0, -5.0, -4.995136798906219];176.74584350001533;8.849170900066383
[2.5602845040000046, -2.3857546];True;[-4.831887635952512, -5.0, -5.0, -3.865746766695035, -5.0, -4.999999999994541, -5.0, -5.0, -5.0, -4.970683078315323];188.9367691000225;8.849170900066383
[2.532600864000006, -1.073585];True;[-5.0, -4.949957802538033, -5.0, -5.0, -5.0, -5.0, -5.0, -5.0, -5.0, -5.0];179.19612679991405;8.849170900066383
[2.652368328000004, -2.4999999997032005];True;[-5.0, -5.0, -5.0, -5.0, -5.0, -3.084885036275357, -1.3202761406862522, -5.0, -5.0, -5.0];174.23885889991652;8.849170900066383
[2.5585711920000085, -1.9453775];True;[-5.0, -5.0, -5.0, -4.991476759134532, -4.996876643004511, -4.139908652421726, -5.0, -5.0, -5.0, -4.619371629405883];183.8860404000152;8.849170900066383
[2.532503232000008, -0.8446020000000001];True;[-5.0, -5.0, -5.0, -5.0, -5.0, -5.0, -4.954486576963803, -5.0, -5.0, -5.0];179.62769530003425;5.556136899976991
[2.5315200000000093, -2.47531935];True;[-5.0, -5.0, -5.0, -5.0, -5.0, -5.0, -5.0, -5.0, -5.0, -5.0];179.94390700000804;5.556136899976991
[2.5513792560000055, -2.0308129];True;[-5.0, -5.0, -5.0, -4.104473853592482, -5.0, -5.0, -4.97612180339238, -5.0, -5.0, -5.0];185.29708050005138;5.556136899976991
[2.5612470000000025, -2.48276336];True;[-5.0, -5.0, -5.0, -5.0, -5.0, -5.0, -5.0, -5.0, -5.0, -3.623746345619362];180.3729288999457;5.556136899976991
[2.576961864000013, -1.7927821000000002];True;[-4.9922968307766, -5.0, -5.0, -4.994778077438805, -5.0, -4.773469244755663, -4.945253505190183, -4.994788736716494, -5.0, -3.195649357990482];179.14803299994674;5.556136899976991
[2.541082752000004, -2.48561155];True;[-5.0, -4.723645202497761, -5.0, -5.0, -5.0, -4.83364184567585, -5.0, -5.0, -5.0, -5.0];185.7104670999106;9.11401040002238
[2.5709363280000117, -2.490290761];True;[-4.748927592053852, -5.0, -5.0, -5.0, -5.0, -5.0, -5.0, -5.0, -5.0, -3.426256099773392];187.57404450001195;9.11401040002238
[2.5444147680000055, -2.40919835];True;[-5.0, -5.0, -4.999999832018879, -5.0, -5.0, -4.73717302635904, -5.0, -5.0, -5.0, -4.665847649062809];182.92190000007395;9.11401040002238
[2.596102056000013, -0.573901];True;[-5.0, -4.027140783292941, -5.0, -5.0, -5.0, -5.0, -2.9829455027695677, -5.0, -5.0, -5.0];187.05886910005938;9.11401040002238
[2.5315200000000093, -2.47531935];True;[-5.0, -5.0, -5.0, -5.0, -5.0, -5.0, -5.0, -5.0, -5.0, -5.0];186.09897099994123;9.11401040002238
[2.5315200000000093, -2.47531935];True;[-5.0, -5.0, -5.0, -5.0, -5.0, -5.0, -5.0, -5.0, -5.0, -5.0];180.86265439994168;10.743493099929765
[2.542752000000009, -2.48846621];True;[-4.739999393588143, -5.0, -5.0, -5.0, -5.0, -5.0, -5.0, -5.0, -5.0, -4.739998892910108];184.39171510003507;10.743493099929765
[2.558530368000009, -2.0405433];True;[-5.0, -5.0, -5.0, -5.0, -5.0, -3.7495315820008956, -5.0, -5.0, -5.0, -5.0];176.75401679996867;10.743493099929765
[2.536812000000013, -2.490247076];True;[-5.0, -5.0, -5.0, -5.0, -5.0, -4.755005618048325, -5.0, -5.0, -5.0, -5.0];176.94315980002284;10.743493099929765
[2.5375584960000004, -0.030753999999999948];True;[-5.0, -5.0, -5.0, -5.0, -5.0, -5.0, -5.0, -4.720423181936981, -5.0, -5.0];175.9404878000496;10.743493099929765
[2.573241264000006, -2.494695645];True;[-5.0, -5.0, -5.0, -5.0, -5.0, -3.0684594464416475, -5.0, -5.0, -5.0, -5.0];177.9270581000019;12.374805200030096
[2.535659640000007, -2.4999999999983364];True;[-5.0, -5.0, -5.0, -5.0, -5.0, -4.828706683809208, -5.0, -4.9910383028050616, -5.0, -4.988608875343496];176.78599320002832;12.374805200030096
[2.559145104000002, -2.46122801];True;[-4.606925113787779, -5.0, -4.900332487789328, -5.0, -5.0, -4.99995640552355, -5.0, -4.606928378454931, -5.0, -4.606923861059278];177.5599045000272;12.374805200030096
[2.540053728000008, -1.9318016999999998];True;[-5.0, -5.0, -5.0, -5.0, -5.0, -4.604931471061971, -5.0, -5.0, -5.0, -5.0];179.30086459999438;12.374805200030096
[2.537229312000011, -2.2834617];True;[-5.0, -5.0, -5.0, -5.0, -5.0, -4.735693215011668, -5.0, -5.0, -5.0, -5.0];176.18854920007288;12.374805200030096
[2.560190544000002, -2.46834324];True;[-5.0, -5.0, -5.0, -5.0, -5.0, -4.8426111796679505, -5.0, -5.0, -5.0, -3.830043446965799];179.73965810006484;13.850638800067827
[2.539960416000006, -2.4608441];True;[-4.804622869201119, -5.0, -5.0, -5.0, -5.0, -5.0, -5.0, -4.804622869201119, -5.0, -5.0];177.22523850004654;13.850638800067827
[2.5634419920000093, -1.705797];True;[-4.9999999999999245, -5.0, -5.0, -3.522128990091349, -5.0, -5.0, -5.0, -5.0, -5.0, -5.0];211.638067199965;13.850638800067827
[2.7408045600000044, -2.499999999998218];True;[-5.0, -5.0, -5.0, -5.0, -5.0, 4.689094153480948, -5.0, -5.0, -5.0, -5.0];175.34906739997678;13.850638800067827
[2.5425999360000064, -2.49334125];True;[-4.7435281860357374, -5.0, -5.0, -5.0, -5.0, -5.0, -5.0, -4.7435281860357374, -5.0, -5.0];174.66115089994855;13.850638800067827
[2.5854240960000023, -2.499999999777451];True;[-4.552153822474591, -4.552121024563558, -4.805893751573764, -5.0, -4.8400244187306, -4.549996686291054, -4.6475957976225795, -4.936055255178268, -5.0, -4.620591335906402];178.7432651000563;12.013594999909401
[2.5966893600000014, 0.6764030000000001];True;[-5.0, -3.1661913722551733, -5.0, -5.0, -5.0, -5.0, -3.8167032144935176, -5.0, -5.0, -5.0];177.35571279993746;12.013594999909401
[2.547881136000005, -2.4999999999979483];True;[-5.0, -5.0, -4.747502862941962, -5.0, -5.0, -5.0, -5.0, -4.747502862941962, -5.0, -4.747502862941962];181.7355270999251;12.013594999909401
[2.5614498240000003, -2.46612137];True;[-5.0, -5.0, -5.0, -5.0, -5.0, -4.516519051700694, -5.0, -4.097830862511101, -5.0, -5.0];180.08645229996182;12.013594999909401
[2.661774912000009, -0.4875729999999998];True;[-5.0, -0.816834926223752, -5.0, -5.0, -5.0, -3.639573207503104, -4.513282331054407, -5.0, -5.0, -5.0];179.08873009996023;12.013594999909401
[2.5539338880000013, -2.0563606];True;[-5.0, -5.0, -4.481177243427429, -5.0, -5.0, -5.0, -5.0, -5.0, -5.0, -4.481177450878286];183.2339303001063;11.979989200015552
[2.5470702720000045, -0.3499850000000002];True;[-4.762536024043101, -5.0, -4.992460897343212, -5.0, -5.0, -5.0, -5.0, -4.7625360240594645, -5.0, -4.762536024053457];176.64237379992846;11.979989200015552
[2.56798555200001, -0.23721199999999998];True;[-5.0, -5.0, -5.0, -5.0, -5.0, -5.0, -3.311778941833121, -5.0, -5.0, -5.0];175.21774369990453;11.979989200015552
[2.5462399680000054, -2.4999999999979385];True;[-4.950366230566901, -5.0, -5.0, -5.0, -5.0, -4.370832443904882, -5.0, -5.0, -5.0, -4.997331780147067];178.32456090010237;11.979989200015552
[2.557512792000005, -2.4999999999963944];True;[-4.748434985517142, -5.0, -4.995841005098852, -4.998072923160561, -5.0, -4.0542855943454015, -5.0, -5.0, -5.0, -5.0];176.18670220009517;11.979989200015552
[2.536921728000005, -2.391564];True;[-4.9374787319831555, -5.0, -4.9374787319831555, -5.0, -5.0, -4.9374787319831555, -5.0, -5.0, -5.0, -4.9374787319831555];177.75780799996573;8.1367925000377
[2.5315200000000093, -2.47531935];True;[-5.0, -5.0, -5.0, -5.0, -5.0, -5.0, -5.0, -5.0, -5.0, -5.0];180.4593989000423;8.1367925000377
[2.54565784800001, 0.3480970000000001];True;[-4.6658786156446395, -5.0, -4.963789952740838, -5.0, -5.0, -4.715802472544969, -5.0, -5.0, -5.0, -5.0];178.7314200999681;8.1367925000377
[2.547433368000007, -2.48648463];True;[-4.755711045671124, -5.0, -5.0, -5.0, -5.0, -4.751477183448464, -5.0, -5.0, -5.0, -4.756081511996359];180.691981599899;8.1367925000377
[2.5315200000000093, -2.47531935];True;[-5.0, -5.0, -5.0, -5.0, -5.0, -5.0, -5.0, -5.0, -5.0, -5.0];179.95593479997478;8.1367925000377
[2.597739336000007, -2.499999999983936];True;[-4.500348729549548, -4.948400626488498, -4.3417729274247305, -5.0, -5.0, -4.4626749602828815, -5.0, -5.0, -5.0, -3.6810920612020737];183.47450719994958;16.554665899951942
[2.5756183440000107, -2.2533479];True;[-2.9584149787357172, -5.0, -5.0, -5.0, -5.0, -5.0, -5.0, -5.0, -5.0, -5.0];191.1120070000179;16.554665899951942
[2.553177024, -0.09292200000000017];True;[-5.0, -5.0, -5.0, -5.0, -5.0, -5.0, -5.0, -3.9973623042320705, -5.0, -5.0];182.00347800005693;16.554665899951942
[2.571512400000003, -2.46265953];True;[-5.0, -5.0, -5.0, -5.0, -5.0, -3.8891647293990177, -4.259334558815095, -5.0, -5.0, -5.0];192.32523680001032;16.554665899951942
[2.650144392000009, -2.497510044];True;[-5.0, -5.0, -5.0, -5.0, -5.0, -5.0, 0.49186336582101386, -5.0, -5.0, -5.0];180.72438710008282;16.554665899951942
[2.5711877520000064, -2.0157188];True;[-5.0, -5.0, -5.0, -5.0, -5.0, -4.768237625343853, -5.0, -4.996734173608561, -5.0, -3.3985546471376473];176.92199669999536;12.490494400030002
[2.6883748800000107, -2.4999999999995506];True;[-5.0, -5.0, -5.0, -5.0, -5.0, -3.0921579702554247, 0.3539573940781606, -5.0, -5.0, -5.0];175.58092950005084;12.490494400030002
[2.563233768000009, -1.6949942];True;[-5.0, -5.0, -4.999958292712829, -4.36586310602471, -5.0, -4.999946667492827, -5.0, -5.0, -5.0, -4.166016870483072];184.74552540003788;12.490494400030002
[2.68994736, -2.0674601];True;[-5.0, -3.6253842430851306, -5.0, -5.0, -5.0, -3.259801808822429, -4.868670628090698, -5.0, -5.0, -0.9115402129789185];176.26467449998017;12.490494400030002
[2.6020476720000074, -2.48127867];True;[-5.0, -5.0, -5.0, -5.0, -5.0, -5.0, -1.734834583965367, -5.0, -5.0, -5.0];180.91777840000577;12.490494400030002
[2.5830085680000057, -2.48352388];True;[-5.0, -5.0, -5.0, -5.0, -5.0, -3.6710338309079495, -5.0, -3.9452343508216012, -5.0, -5.0];192.23253029992338;21.86459319991991
[2.584120752000013, -2.494768747];True;[-3.6607421048851254, -5.0, -4.980108783824653, -4.991164543822995, -5.0, -3.9355590028141325, -5.0, -5.0, -5.0, -4.997178089065066];179.46362990001217;21.86459319991991
[2.5548212160000086, -2.491711514];True;[-4.516513232401211, -4.404722024741641, -5.0, -5.0, -5.0, -5.0, -5.0, -5.0, -5.0, -5.0];181.41773240000475;21.86459319991991
[2.5616381760000113, -2.492062994];True;[-4.998595783525396, -5.0, -4.999206003409107, -4.998518858836046, -5.0, -3.8626187124966966, -4.74947957027172, -4.9989232186723305, -5.0, -4.99828841194191];186.96617699996568;21.86459319991991
[2.543834808000009, -2.44246234];True;[-5.0, -5.0, -4.430691442570239, -5.0, -5.0, -4.99918290164667, -5.0, -5.0, -5.0, -5.0];180.33267020003404;21.86459319991991
[2.5434976320000136, -2.499999999998798];True;[-5.0, -5.0, -5.0, -5.0, -4.815109615001648, -5.0, -5.0, -5.0, -4.815165081664036, -4.815203047467936];178.14508869999554;13.904069100040942
[2.5420113360000025, -1.5642431];True;[-5.0, -5.0, -5.0, -5.0, -5.0, -4.595695006457055, -4.918619929309267, -5.0, -5.0, -5.0];177.6685431000078;13.904069100040942
[2.557575216000002, -2.3915883];True;[-3.9458242763872455, -5.0, -4.978529718901023, -5.0, -4.991144887411897, -5.0, -4.901457884911073, -4.981516221450719, -5.0, -4.995289617527058];180.8182960000122;13.904069100040942
[2.54867515200001, -2.498330335];True;[-5.0, -5.0, -5.0, -5.0, -5.0, -4.2093116782629725, -4.996471299937223, -5.0, -5.0, -5.0];178.3819058999652;13.904069100040942
[2.5607674800000035, -2.4639816];True;[-4.694439950720443, -5.0, -5.0, -5.0, -5.0, -4.5661084495529956, -5.0, -4.4814220610330855, -5.0, -4.9039689380885445];180.18975309992675;13.904069100040942
[2.560303728000007, -2.46938409];True;[-5.0, -4.946602581517206, -5.0, -4.9986306856377904, -5.0, -4.459380665030388, -5.0, -4.3134946114685055, -4.975138225090873, -4.974193064060173];186.34264460008126;15.380123500013724
[2.542059288000012, -0.729338];True;[-5.0, -5.0, -5.0, -5.0, -5.0, -5.0, -5.0, -4.512065914162346, -5.0, -5.0];178.91979210008867;15.380123500013724
[2.7123189120000086, -2.4999999999970126];True;[-5.0, -5.0, -5.0, -5.0, -5.0, 1.2451669757099326, -2.8748511142207054, -5.0, -5.0, -5.0];179.5610698000528;15.380123500013724
[2.679397272000006, -2.4991411933];True;[-5.0, -4.075951862783974, -5.0, -5.0, -5.0, -5.0, 0.9221298358387493, -5.0, -5.0, -5.0];180.05375590000767;15.380123500013724
[2.600214912000007, -1.7918661];True;[-5.0, -5.0, -5.0, -5.0, -5.0, -3.738068883796224, -3.081611566625207, -5.0, -5.0, -5.0];190.07478519994766;15.380123500013724
[2.5593878880000034, -1.8517656];True;[-4.109036312427642, -5.0, -5.0, -4.996048198874144, -5.0, -5.0, -5.0, -4.604734194408104, -5.0, -5.0];194.2809627999086;14.03330150002148
[2.543249664000005, -2.48016206];True;[-5.0, -5.0, -5.0, -5.0, -5.0, -5.0, -4.9272796365252285, -5.0, -5.0, -4.529681739517159];225.83229349995963;14.03330150002148
[2.6090644320000136, -2.4999999999890026];True;[-5.0, -5.0, -5.0, -5.0, -5.0, -2.7904628524658097, -3.6195111124109176, -5.0, -5.0, -5.0];179.27730489999522;14.03330150002148
[2.628939672000008, -2.49998642781];True;[-5.0, -5.0, -5.0, -5.0, -5.0, -3.657218722676733, -1.8326163120614867, -5.0, -5.0, -5.0];181.20326480001677;14.03330150002148
[2.563456896000002, -2.48082333];True;[-5.0, -5.0, -5.0, -4.812555336988877, -5.0, -4.0936612973481115, -5.0, -5.0, -4.615239950127426, -5.0];188.8695224999683;14.03330150002148
[2.5537950000000116, -2.4999999999944906];True;[-4.871850128753041, -4.961131739601622, -5.0, -5.0, -5.0, -4.185586074647701, -4.950216812709984, -5.0, -5.0, -5.0];163.18401149997953;21.885395299992524
[2.593832112000011, -2.46245923];True;[-5.0, -5.0, -5.0, -5.0, -4.044013248517609, -5.0, -5.0, -5.0, -5.0, -3.07117139260534];163.52150879998226;21.885395299992524
[2.6110630800000036, -2.48276484];True;[-5.0, -5.0, -5.0, -5.0, -5.0, -5.0, -1.3174630047538258, -5.0, -5.0, -5.0];165.13959719997365;21.885395299992524
[2.5888256640000105, -1.7461183999999998];True;[-2.346960754240743, -5.0, -5.0, -5.0, -5.0, -5.0, -5.0, -5.0, -5.0, -5.0];167.9928109999746;21.885395299992524
[2.576689920000014, -2.3453808];True;[-3.609738343499984, -5.0, -5.0, -5.0, -5.0, -4.299099017821905, -5.0, -5.0, -5.0, -5.0];164.34935099992435;21.885395299992524
[2.5315200000000093, -2.47531935];True;[-5.0, -5.0, -5.0, -5.0, -5.0, -5.0, -5.0, -5.0, -5.0, -5.0];166.14059690001886;5.415722099947743
[2.6634463200000127, -2.499999999994562];True;[-5.0, -5.0, -5.0, -5.0, -5.0, -0.1396422282090901, -3.7526601290118506, -5.0, -5.0, -5.0];161.57895740005188;5.415722099947743
[2.5315200000000093, -2.47531935];True;[-5.0, -5.0, -5.0, -5.0, -5.0, -5.0, -5.0, -5.0, -5.0, -5.0];164.95871419995092;5.415722099947743
[2.579226840000004, -2.499999999999215];True;[-4.871972926691562, -5.0, -4.872591345849306, -5.0, -3.950083011223639, -5.0, -5.0, -5.0, -5.0, -4.096689803385866];167.83548180002254;5.415722099947743
[2.5417337760000045, -2.45034632];True;[-5.0, -5.0, -5.0, -5.0, -4.763564839150175, -5.0, -5.0, -5.0, -5.0, -4.763585827857478];166.54020489996765;5.415722099947743
[2.5870749840000014, -2.499999999996513];True;[-4.988371035106656, -4.247519167620722, -5.0, -4.505601870630233, -5.0, -4.832801464997146, -4.988952939854039, -5.0, -5.0, -3.864746107201009];178.02426009997725;9.290432099951431
[2.5315200000000093, -2.47531935];True;[-5.0, -5.0, -5.0, -5.0, -5.0, -5.0, -5.0, -5.0, -5.0, -5.0];176.9065944000613;9.290432099951431
[2.5315200000000093, -2.47531935];True;[-5.0, -5.0, -5.0, -5.0, -5.0, -5.0, -5.0, -5.0, -5.0, -5.0];174.89367959997617;9.290432099951431
[2.611510632000005, -2.2254525];True;[-5.0, -5.0, -3.520983419920937, -5.0, -5.0, -4.600608871400431, -5.0, -5.0, -5.0, -3.175123884272074];175.76531509996857;9.290432099951431
[2.5398679680000007, -2.1199411];True;[-5.0, -5.0, -5.0, -5.0, -4.729841484303191, -4.883671450276329, -5.0, -5.0, -5.0, -5.0];173.72184270003345;9.290432099951431
[2.560548672000007, -2.496180293];True;[-5.0, -4.708999999384611, -5.0, -5.0, -5.0, -3.9470664780072986, -5.0, -5.0, -5.0, -5.0];181.16719760000706;12.061704199993983
[2.582495784000008, -2.47168345];True;[-5.0, -5.0, -5.0, -5.0, -5.0, -4.1257701380050005, -5.0, -5.0, -5.0, -3.5142334894390057];178.93346250010654;12.061704199993983
[2.5638603840000136, -2.48039734];True;[-5.0, -5.0, -5.0, -5.0, -5.0, -3.8770597716791224, -4.625711708475424, -5.0, -5.0, -5.0];187.92789419996552;12.061704199993983
[2.601199008000002, -2.2266861000000002];True;[-5.0, -5.0, -5.0, -5.0, -5.0, -5.0, -1.7741170712982361, -5.0, -5.0, -5.0];180.17329740000423;12.061704199993983
[2.5821527760000045, -2.499999999981896];True;[-4.5205243390460454, -5.0, -4.993459040695837, -4.866235497759666, -5.0, -4.233788237815266, -4.786904744298428, -5.0, -5.0, -4.2549517608001555];184.47903569997288;12.061704199993983
[2.5552929600000107, -2.46198475];True;[-5.0, -5.0, -4.51291869202168, -5.0, -5.0, -4.822832887687586, -5.0, -5.0, -4.563635154710151, -5.0];175.4054798000725;14.099267499987036
[2.563588008000009, -2.4999999999927325];True;[-4.707871574230118, -5.0, -5.0, -4.999991842053399, -5.0, -4.14219143523541, -5.0, -5.0, -5.0, -4.665297587433423];180.08593609998934;14.099267499987036
[2.6147240640000122, -2.499999999994782];True;[-3.603583719783919, -5.0, -5.0, -5.0, -4.395288819482151, -4.369021078857507, -4.8307564264612335, -5.0, -5.0, -3.9493011065026202];176.3853157000849;14.099267499987036
[2.5430051520000108, -2.4569441];True;[-5.0, -5.0, -5.0, -5.0, -5.0, -5.0, -5.0, -5.0, -5.0, -4.468298369711011];177.49741599999834;14.099267499987036
[2.5524402480000123, -2.4999999999837437];True;[-4.9601966873856815, -5.0, -5.0, -5.0, -5.0, -4.138072729469182, -5.0, -5.0, -5.0, -4.933200564623152];176.41158950002864;14.099267499987036
[2.5721172000000014, -2.499999999713754];True;[-4.545000189198515, -5.0, -5.0, -5.0, -5.0, -4.3617899202437815, -5.0, -5.0, -5.0, -4.213707207535827];191.41499069996644;14.798787100007758
[2.596546800000002, -1.6801976];True;[-3.9997042458994905, -5.0, -5.0, -5.0, -5.0, -3.9908347210632815, -5.0, -5.0, -5.0, -3.9989450095231756];190.02428709995002;14.798787100007758
[2.5525566720000086, -2.46303224];True;[-4.736269528560764, -5.0, -4.997112058648115, -4.7362693942320035, -5.0, -4.736269082379863, -5.0, -5.0, -5.0, -4.820139118088219];187.93561950000003;14.798787100007758
[2.543824224000013, -1.326438];True;[-4.999999648995094, -5.0, -5.0, -4.923809638349517, -5.0, -4.5065494485976725, -5.0, -4.99999979807918, -5.0, -5.0];186.83969089994207;14.798787100007758
[2.575414224000011, -2.48939001];True;[-4.989278835727897, -4.703338617326861, -4.989789227711862, -5.0, -5.0, -4.308574318768388, -5.0, -3.9768962698085537, -5.0, -5.0];194.54192729992792;14.798787100007758
[2.566461240000012, -2.3598455];True;[-4.579178905211088, -5.0, -4.880850803111199, -5.0, -5.0, -4.459118244209877, -5.0, -5.0, -5.0, -4.463209111341708];204.42661879991647;8.511780500062741
[2.543987520000013, -2.497320949];True;[-4.728015347433182, -5.0, -5.0, -5.0, -5.0, -4.899923305586177, -5.0, -4.897440901603298, -5.0, -4.897440901603298];200.77324539993424;8.511780500062741
[2.5669474560000016, -2.497902757];True;[-4.670526406336581, -5.0, -4.671374071732243, -4.677148203157877, -5.0, -4.669589826374069, -5.0, -5.0, -5.0, -4.671208950571904];200.4583862000145;8.511780500062741
[2.5315200000000093, -2.47531935];True;[-5.0, -5.0, -5.0, -5.0, -5.0, -5.0, -5.0, -5.0, -5.0, -5.0];201.39405979996081;8.511780500062741
[2.5702812000000104, -2.49999999961358];True;[-4.399689819879544, -5.0, -5.0, -5.0, -5.0, -4.405942199882591, -4.999361462552035, -5.0, -5.0, -4.400496001872112];203.88494090002496;8.511780500062741
[2.540250720000012, 0.16927799999999982];True;[-5.0, -5.0, -4.595804796095194, -5.0, -5.0, -5.0, -5.0, -5.0, -5.0, -5.0];178.76880610000808;13.211580399889499
[2.550531888000002, -2.47459139];True;[-5.0, -5.0, -4.99992921493877, -5.0, -5.0, -4.574618964347036, -5.0, -5.0, -5.0, -4.545298475725169];182.3986436999403;13.211580399889499
[2.5398651600000015, -2.4999999992894972];True;[-5.0, -5.0, -5.0, -5.0, -5.0, -5.0, -5.0, -5.0, -5.0, -4.613657568932123];184.12376260000747;13.211580399889499
[2.563127064000012, -2.42901707];True;[-4.512812481718055, -5.0, -5.0, -5.0, -5.0, -4.511460244002621, -5.0, -5.0, -5.0, -4.512449953676886];180.4919214999536;13.211580399889499
[2.5315200000000093, -2.47531935];True;[-5.0, -5.0, -5.0, -5.0, -5.0, -5.0, -5.0, -5.0, -5.0, -5.0];181.0273092999123;13.211580399889499
[2.5521955200000086, -2.496147033];True;[-5.0, -4.708364448068796, -5.0, -5.0, -5.0, -4.3344347453977585, -5.0, -5.0, -5.0, -5.0];181.42340610001702;19.704463699948974
[2.552858856000012, -2.499999999997257];True;[-5.0, -5.0, -4.999999975295932, -4.9999999895548815, -5.0, -4.217247647772766, -5.0, -5.0, -5.0, -4.794853745634355];181.50911850004923;19.704463699948974
[2.5461401760000086, -2.493019895];True;[-5.0, -5.0, -4.492029552545379, -5.0, -5.0, -4.831103186620724, -5.0, -5.0, -5.0, -5.0];179.72224519995507;19.704463699948974
[2.5869319920000104, -2.3281026];True;[-4.999928343216881, -4.882746120525024, -4.999988457298068, -5.0, -4.999995902445571, -4.538247117937597, -5.0, -5.0, -5.0, -3.0137230213143402];180.62112190003973;19.704463699948974
[2.5358492880000054, -2.41121517];True;[-5.0, -5.0, -5.0, -5.0, -5.0, -4.799568039244395, -5.0, -5.0, -5.0, -5.0];182.09904649993405;19.704463699948974
[2.538756000000003, -2.46521607];True;[-5.0, -5.0, -5.0, -5.0, -5.0, -4.832442696023123, -5.0, -5.0, -5.0, -4.8325466131825685];180.0895448999945;14.26088289998006
[2.532658968000007, -2.47853799];True;[-5.0, -5.0, -5.0, -5.0, -5.0, -4.947260069102103, -5.0, -5.0, -5.0, -5.0];177.40895069995895;14.26088289998006
[2.552982840000009, -2.494697243];True;[-4.891212850998598, -5.0, -5.0, -5.0, -5.0, -4.1561374007522875, -4.999999999954324, -5.0, -5.0, -4.958989868982444];178.58961630007252;14.26088289998006
[2.5769352960000047, -2.49999999989137];True;[-5.0, -5.0, -5.0, -4.015919695060516, -5.0, -4.1236260070361395, -5.0, -4.757902598028295, -5.0, -5.0];185.84587920003105;14.26088289998006
[2.5727163840000014, -1.8230929];True;[-4.997045157977743, -5.0, -4.996883729076449, -4.997610852047342, -5.0, -3.899627144198071, -4.991007981749802, -4.9971412533023365, -5.0, -4.213440686778879];183.0691036999924;14.26088289998006
[2.5315200000000093, -2.47531935];True;[-5.0, -5.0, -5.0, -5.0, -5.0, -5.0, -5.0, -5.0, -5.0, -5.0];176.06960049993359;10.438731100060977
[2.56504298400001, -2.48160422];True;[-5.0, -5.0, -5.0, -5.0, -5.0, -5.0, -3.448018140216752, -5.0, -5.0, -5.0];171.66654750006273;10.438731100060977
[2.5468931520000044, -2.0383589];True;[-5.0, -4.288284841771923, -5.0, -5.0, -5.0, -5.0, -5.0, -5.0, -5.0, -5.0];172.9028531999793;10.438731100060977
[2.7529050960000134, -2.4990412038];True;[-5.0, -5.0, -5.0, -5.0, -5.0, 5.0, -4.75068708342746, -5.0, -5.0, -5.0];173.07002410001587;10.438731100060977
[2.5315200000000093, -2.47531935];True;[-5.0, -5.0, -5.0, -5.0, -5.0, -5.0, -5.0, -5.0, -5.0, -5.0];175.11214889993425;10.438731100060977
[2.536660800000007, -2.41453639];True;[-5.0, -5.0, -4.99714607928895, -5.0, -5.0, -4.764854210530798, -5.0, -5.0, -5.0, -5.0];173.14829939999618;14.45737519999966
[2.5457526720000097, -2.47866409];True;[-4.342547658543393, -5.0, -5.0, -5.0, -4.99999999999436, -4.999999906119351, -5.0, -5.0, -4.9999999999927445, -4.998529661503061];173.7808257000288;14.45737519999966
[2.553965424000007, -2.48519291];True;[-4.999990759098212, -5.0, -4.252326015632875, -5.0, -4.999982938650391, -4.865230527870276, -4.8435546463136685, -4.9998200299273785, -5.0, -4.999960590447556];170.30442299996503;14.45737519999966
[2.5315200000000093, -2.47531935];True;[-5.0, -5.0, -5.0, -5.0, -5.0, -5.0, -5.0, -5.0, -5.0, -5.0];171.80047169991303;14.45737519999966
[3.3840860400000117, -2.499999999996209];True;[-5.0, 2.3504380314907376, -2.9932302329280174, -0.06465007586085303, -1.6175359569038372, 2.5900894673755275, 3.450284292860303, -2.8190988285685594, -1.4256342928648418, -5.0];168.21742260002065;14.45737519999966
[2.5315200000000093, -2.47531935];True;[-5.0, -5.0, -5.0, -5.0, -5.0, -5.0, -5.0, -5.0, -5.0, -5.0];175.72723810002208;12.843632300035097
[2.569524336000009, -2.48512258];True;[-4.560201741613401, -5.0, -4.560201741684299, -4.999863622098645, -5.0, -4.560201742367659, -5.0, -4.999863622204274, -5.0, -4.560201741518385];179.36168480000924;12.843632300035097
[2.558796048000009, -1.08409];True;[-5.0, -5.0, -5.0, -5.0, -5.0, -3.984822416861237, -4.935993378125401, -5.0, -5.0, -4.816407065507971];178.9927483999636;12.843632300035097
[2.558365344000002, -1.02712];True;[-4.96380925022436, -4.506090304693278, -4.999862304626079, -5.0, -5.0, -4.380354437055689, -4.929059480435193, -5.0, -5.0, -4.977983717969303];172.4191311999457;12.843632300035097
[2.5451292960000096, -2.4999999999876596];True;[-5.0, -5.0, -5.0, -5.0, -5.0, -5.0, -4.369934158666689, -5.0, -5.0, -5.0];173.76209509989712;12.843632300035097
[2.5564507200000057, -1.098316];True;[-5.0, -5.0, -4.29542554744641, -5.0, -5.0, -4.706904155875427, -5.0, -4.895798900209278, -5.0, -4.947671907917439];212.88788340007886;15.967345000011846
[2.5687545120000044, -2.48490254];True;[-5.0, -5.0, -4.011763099199102, -4.994820850959463, -4.349464706249702, -5.0, -4.920104488982003, -5.0, -5.0, -5.0];215.66887359996326;15.967345000011846
[2.5315200000000093, -2.47531935];True;[-5.0, -5.0, -5.0, -5.0, -5.0, -5.0, -5.0, -5.0, -5.0, -5.0];215.06405320006888;15.967345000011846
[2.5625214000000036, -2.498132498];True;[-4.997109359267082, -5.0, -4.394918480798656, -5.0, -5.0, -4.960089591706815, -4.551977773841264, -5.0, -5.0, -4.660634859469828];218.85742480005138;15.967345000011846
[2.591858304000008, -2.4999999999991407];True;[-4.952085995409165, -5.0, -4.647938599421674, -5.0, -5.0, -3.836719142226317, -4.6526638396599225, -4.969746210810911, -5.0, -4.14738588564109];220.77520130004268;15.967345000011846
[2.584488600000004, -2.4999999999982387];True;[-4.182637615898272, -5.0, -4.9998385676575445, -5.0, -5.0, -4.182617664686949, -5.0, -4.999999990355483, -5.0, -4.1826408000593664];181.42119019990787;21.137687499984168
[2.5612007759999997, -2.494156267];True;[-5.0, -5.0, -4.764846041918446, -5.0, -5.0, -3.8610572687356726, -5.0, -5.0, -5.0, -5.0];174.964738199953;21.137687499984168
[2.566848744000011, -2.3723002];True;[-5.0, -4.99997716273276, -5.0, -5.0, -5.0, -3.3644197613420763, -5.0, -5.0, -5.0, -5.0];176.36062759999186;21.137687499984168
[2.557388808000008, -2.45857545];True;[-4.840412536444647, -5.0, -4.826542910851763, -5.0, -5.0, -4.471593828683796, -5.0, -4.993004215691056, -5.0, -4.670815475257065];177.95541040005628;21.137687499984168
[2.644409592000005, -2.4999999999984643];True;[-5.0, -5.0, -5.0, -5.0, -5.0, -3.6735414820387757, -1.1000806195992636, -5.0, -5.0, -5.0];178.75152579997666;21.137687499984168
[2.5379049600000037, -2.47204302];True;[-5.0, -5.0, -5.0, -5.0, -5.0, -5.0, -5.0, -5.0, -5.0, -4.7044001054281654];185.83133990003262;15.42687379999552
[2.5349600160000096, -2.499999999996344];True;[-5.0, -5.0, -5.0, -5.0, -5.0, -5.0, -5.0, -5.0, -5.0, -4.840746645036674];183.87943049997557;15.42687379999552
[2.553386328000007, -2.48681887];True;[-4.999531809760899, -5.0, -5.0, -5.0, -5.0, -4.350376631705959, -5.0, -4.999988617034478, -5.0, -4.637771970829808];186.6417163000442;15.42687379999552
[2.5667973360000014, -2.48305705];True;[-5.0, -5.0, -5.0, -5.0, -5.0, -4.0044196854082, -5.0, -5.0, -5.0, -4.362377068515279];189.37955169996712;15.42687379999552
[2.5811593920000013, -2.44011032];True;[-3.494659488149912, -5.0, -5.0, -5.0, -5.0, -4.207243801629058, -5.0, -5.0, -5.0, -5.0];183.5570167999249;15.42687379999552
[2.6472236400000018, -2.495465426];True;[-5.0, -5.0, -5.0, -5.0, -5.0, -1.3611543473259542, -3.2821861580268337, -5.0, -5.0, -5.0];190.9251272000838;13.168532500043511
[2.5315200000000093, -2.47531935];True;[-5.0, -5.0, -5.0, -5.0, -5.0, -5.0, -5.0, -5.0, -5.0, -5.0];194.04243919998407;13.168532500043511
[2.567232144000009, -2.48483195];True;[-5.0, -4.569106304014175, -5.0, -4.599253578837972, -5.0, -4.416064826399854, -4.8492130440590495, -5.0, -5.0, -4.912998107427692];203.22974579990841;13.168532500043511
[2.5373962800000065, -2.3546561];True;[-5.0, -5.0, -5.0, -5.0, -5.0, -4.9999999999881855, -5.0, -5.0, -5.0, -4.727948517297322];196.5971705999691;13.168532500043511
[2.54843992800001, -2.45028222];True;[-5.0, -5.0, -5.0, -5.0, -5.0, -5.0, -5.0, -5.0, -5.0, -4.216667366381966];189.97292129998095;13.168532500043511
[2.5489982880000097, -2.499999999991753];True;[-4.265426163308963, -5.0, -5.0, -5.0, -5.0, -5.0, -4.984226031635669, -5.0, -5.0, -4.941140295722574];178.3279757000273;13.082504100049846
[2.565439776000003, -2.47640045];True;[-4.944329447035965, -5.0, -5.0, -5.0, -5.0, -4.34201857860827, -4.143292572587888, -5.0, -5.0, -5.0];189.9084901000606;13.082504100049846
[2.5315200000000093, -2.47531935];True;[-5.0, -5.0, -5.0, -5.0, -5.0, -5.0, -5.0, -5.0, -5.0, -5.0];179.55615429999307;13.082504100049846
[2.5396571520000104, -2.4999999999884914];True;[-5.0, -5.0, -4.81163609856749, -5.0, -5.0, -5.0, -5.0, -5.0, -5.0, -4.811636077678021];177.31973429990467;13.082504100049846
[2.675740392000012, -2.1432563];True;[-5.0, 0.07538170649346121, -5.0, -5.0, -5.0, -5.0, -3.3985181112668457, -5.0, -5.0, -5.0];177.65683210000861;13.082504100049846
[2.560424040000009, -1.6537156];True;[-4.850261814464873, -5.0, -4.9732030065312935, -5.0, -5.0, -4.483453279170912, -5.0, -4.994737303796314, -5.0, -4.3601895985678185];188.80229420005344;19.72576569998637
[2.6226143280000116, -2.496040869];True;[-5.0, -5.0, -5.0, -5.0, -5.0, -4.618273706269032, -1.1644030490884512, -5.0, -5.0, -5.0];186.19062090001535;19.72576569998637
[2.54089980000001, -2.4482859];True;[-4.999496639248887, -5.0, -4.999496602519675, -4.783636170376459, -5.0, -5.0, -4.999495523441962, -5.0, -5.0, -4.783636167994499];187.84089330001734;19.72576569998637
[2.55582367200001, -2.4999999998620606];True;[-5.0, -5.0, -4.996471030596613, -5.0, -5.0, -5.0, -5.0, -5.0, -5.0, -3.8783627681066752];182.13531559996773;19.72576569998637
[2.5524443520000135, -2.4318371];True;[-5.0, -5.0, -5.0, -4.515638199198472, -5.0, -5.0, -5.0, -5.0, -5.0, -4.515637928569091];191.50975659990218;19.72576569998637
[2.5661892960000126, -1.9465351];True;[-3.72169670705909, -5.0, -4.89108395785137, -5.0, -5.0, -4.89108447577218, -5.0, -5.0, -5.0, -4.891083964721911];192.24539480009116;11.690492799971253
[2.5538399280000124, -2.490558974];True;[-5.0, -5.0, -5.0, -5.0, -5.0, -4.271284966582188, -4.695388867585285, -5.0, -5.0, -5.0];191.17044440004975;11.690492799971253
[2.5315200000000093, -2.47531935];True;[-5.0, -5.0, -5.0, -5.0, -5.0, -5.0, -5.0, -5.0, -5.0, -5.0];192.7247470000293;11.690492799971253
[2.5678641600000023, -2.4850351];True;[-4.792036578038226, -5.0, -4.693236839755227, -4.973483485291867, -5.0, -4.210838253329324, -4.999996729264709, -5.0, -5.0, -4.647808216048813];193.5378629999468;11.690492799971253
[2.587100688000013, -2.3326592];True;[-4.999945256688387, -4.999158557204643, -4.999495381165762, -4.278237614919197, -5.0, -4.399233820261495, -5.0, -5.0, -5.0, -3.750746442457407];196.640960900113;11.690492799971253
[2.5510697280000105, -2.49387184];True;[-4.656416300779115, -5.0, -5.0, -4.656416300779115, -5.0, -5.0, -5.0, -5.0, -5.0, -4.782085274192548];193.32802479993552;9.90143980004359
[2.6272944000000074, -0.738821];True;[-5.0, -2.891001037455963, -5.0, -5.0, -5.0, -2.675000862691918, -5.0, -5.0, -5.0, -5.0];191.75985300005414;9.90143980004359
[2.5467093360000135, -2.499999999997265];True;[-4.814497098941176, -4.999867884932935, -4.853225575346655, -5.0, -5.0, -4.81487709030186, -5.0, -5.0, -5.0, -4.8143004861974035];191.2343710999703;9.90143980004359
[2.5641528480000035, -2.45894042];True;[-4.690890928758682, -4.768653214235972, -5.0, -5.0, -5.0, -4.480133869609611, -4.941347003920134, -5.0, -5.0, -4.608207905137305];189.25448180001695;9.90143980004359
[2.592670680000006, -2.496175395];True;[-5.0, -4.121714847461719, -5.0, -5.0, -5.0, -3.047220869832004, -5.0, -5.0, -5.0, -5.0];191.84086469991598;9.90143980004359
[2.62707494400001, -0.7408980000000001];True;[-5.0, -1.8117108597986409, -5.0, -5.0, -5.0, -5.0, -3.7644435477247566, -5.0, -5.0, -5.0];180.9058402000228;12.689702500007115
[2.557808280000004, -2.48392825];True;[-5.0, -4.423534823381919, -5.0, -5.0, -5.0, -4.4446842539746045, -4.952296380460714, -4.962441908436115, -5.0, -5.0];175.67805689992383;12.689702500007115
[2.549213640000006, -0.770483];True;[-5.0, -5.0, -4.598063924010803, -5.0, -5.0, -5.0, -4.984698762344783, -5.0, -5.0, -4.598065048832376];187.298941200017;12.689702500007115
[2.5550793360000075, -2.4999999999916365];True;[-4.908050334139716, -5.0, -4.905017901025142, -5.0, -4.995851537083859, -5.0, -4.971761993649075, -4.128597172461486, -5.0, -5.0];180.36596419999842;12.689702500007115
[2.554152480000002, -2.44472711];True;[-4.693727296957267, -4.80183481983934, -4.907156766981563, -5.0, -4.9547241873719985, -5.0, -5.0, -5.0, -5.0, -4.594754011761878];184.98522649996448;12.689702500007115
[2.5496916480000076, -2.40537451];True;[-5.0, -4.703909377653174, -5.0, -4.974026705004462, -5.0, -5.0, -5.0, -5.0, -5.0, -4.480779813572625];192.45302679995075;16.949149299995042
[2.5709093280000124, -2.48816784];True;[-5.0, -4.659606891712421, -4.830377759331881, -5.0, -4.762590525862552, -4.0725219946793, -4.898641286711366, -4.999975377394667, -4.952735534716123, -4.999976705167013];193.7423746000277;16.949149299995042
[2.547895176000001, -1.5689775];True;[-5.0, -4.519765939930148, -5.0, -5.0, -5.0, -5.0, -4.722115752030677, -5.0, -5.0, -5.0];195.16637120000087;16.949149299995042
[2.580953976, -1.237236];True;[-4.412003582549172, -5.0, -4.476624411107817, -4.9997678956168485, -4.999846812622415, -4.4119101269941225, -5.0, -5.0, -5.0, -4.411237390004237];196.79093510005623;16.949149299995042
[2.5562580480000126, -2.4999999999881446];True;[-5.0, -4.3544901929456294, -5.0, -5.0, -5.0, -4.994308732566151, -4.505921736099139, -5.0, -5.0, -5.0];193.74916369991843;16.949149299995042
[2.5315200000000093, -2.47531935];True;[-5.0, -5.0, -5.0, -5.0, -5.0, -5.0, -5.0, -5.0, -5.0, -5.0];197.77466450002976;15.227229399955831
[2.5514745120000097, -2.43106413];True;[-4.638775657999641, -4.9962808138752575, -5.0, -5.0, -5.0, -5.0, -5.0, -5.0, -5.0, -4.441109947871134];189.62955120007973;15.227229399955831
[2.570870232000005, -2.4999999999982863];True;[-4.5075464484362495, -5.0, -5.0, -5.0, -4.8703713787230996, -4.487683506728682, -4.831531443330252, -5.0, -5.0, -4.48109074689338];199.5882147999946;15.227229399955831
[2.5973524800000094, -2.46780463];True;[-5.0, -5.0, -5.0, -5.0, -5.0, -2.9666983427642863, -3.9855056212874063, -5.0, -5.0, -5.0];202.29112980002537;15.227229399955831
[2.5628635440000105, -2.48216088];True;[-5.0, -5.0, -5.0, -5.0, -5.0, -4.231663101666279, -4.472132713732526, -5.0, -4.963694206957946, -4.881418040893377];204.09423049993347;15.227229399955831
[2.5493611680000026, -2.4999999996167057];True;[-4.793546888754895, -5.0, -5.0, -4.793546888754895, -5.0, -4.793546888754895, -5.0, -4.999794048223853, -5.0, -4.793546888754895];181.09123709995765;20.269742000033148
[2.5390765440000127, -1.7585033];True;[-5.0, -5.0, -4.825082712721245, -5.0, -5.0, -5.0, -5.0, -4.825082712721245, -5.0, -5.0];178.93877780006733;20.269742000033148
[2.5511515920000063, -2.42994533];True;[-5.0, -5.0, -4.998436259713314, -5.0, -5.0, -4.792137405270587, -4.300570016661839, -5.0, -5.0, -5.0];180.4940831999993;20.269742000033148
[2.539693440000004, -2.4999999999906444];True;[-5.0, -5.0, -5.0, -5.0, -5.0, -5.0, -4.621601588681593, -5.0, -5.0, -5.0];177.80445460008923;20.269742000033148
[2.557332864000006, -1.8926033];True;[-5.0, -5.0, -5.0, -5.0, -5.0, -4.402465771948199, -5.0, -5.0, -5.0, -4.402467669547603];185.96221270004753;20.269742000033148
[2.5721835120000036, -2.3937666];True;[-5.0, -5.0, -5.0, -3.9247573839601007, -5.0, -4.64007525202052, -5.0, -5.0, -5.0, -4.552589872598806];180.99528480006848;17.432458699913695
[2.6195970240000115, -2.0521122];True;[-5.0, -5.0, -5.0, -5.0, -5.0, -3.890068625627545, -2.0322662116877774, -5.0, -5.0, -5.0];170.91873939998914;17.432458699913695
[2.538668736000005, -2.1364705];True;[-4.834533934783445, -5.0, -5.0, -5.0, -5.0, -5.0, -5.0, -5.0, -5.0, -4.834534696108904];168.45960439997725;17.432458699913695
[2.5696236960000007, -1.5498683];True;[-4.729694447613115, -5.0, -4.999947768107501, -4.999994783222439, -5.0, -4.236855220650343, -5.0, -5.0, -5.0, -4.2694449873237135];175.15033960004803;17.432458699913695
[2.5429200480000107, -2.45722706];True;[-4.998169285592734, -5.0, -5.0, -4.999978374037852, -4.954054163115432, -4.692616164577538, -4.948479134063854, -5.0, -5.0, -4.87892646019599];169.4603480999358;17.432458699913695
[2.5912370880000064, -2.490462183];True;[-4.903840880450973, -5.0, -5.0, -4.927990023982799, -5.0, -4.996209069923946, -2.4072809058017257, -5.0, -5.0, -5.0];171.0182665999746;9.251356399967335
[2.5315200000000093, -2.47531935];True;[-5.0, -5.0, -5.0, -5.0, -5.0, -5.0, -5.0, -5.0, -5.0, -5.0];172.47612340003252;9.251356399967335
[2.555634240000007, -2.48115118];True;[-5.0, -5.0, -5.0, -5.0, -5.0, -4.212106034304692, -4.67149591440673, -5.0, -5.0, -5.0];173.20855569990817;9.251356399967335
[2.731807080000009, -2.499999999998154];True;[-5.0, -5.0, -5.0, -5.0, -5.0, 2.4754742856474827, -3.202913364351453, -5.0, -5.0, -5.0];171.1302396999672;9.251356399967335
[2.7454338720000053, -2.498313433];True;[-5.0, -2.3676721552804136, -5.0, -5.0, -5.0, -3.503656186156702, 0.7747404813972452, -5.0, -5.0, -5.0];168.12783659994602;9.251356399967335
[2.540982528000002, -2.499999999966703];True;[-5.0, -4.995764565563918, -5.0, -5.0, -5.0, -4.57102783666988, -5.0, -5.0, -5.0, -4.995121297723188];166.9437397000147;16.54773860005662
[2.569345056000011, -2.48569824];True;[-4.6266646995747935, -4.320696741942301, -5.0, -5.0, -5.0, -4.346540258480429, -5.0, -5.0, -5.0, -4.954902797275434];162.79582830006257;16.54773860005662
[2.5534902240000044, -1.6680778];True;[-4.730748038840451, -5.0, -5.0, -4.864599808454557, -5.0, -4.658720774412098, -5.0, -5.0, -5.0, -4.72881909731011];167.30270780005958;16.54773860005662
[2.551217688000013, -2.498091555];True;[-5.0, -5.0, -5.0, -5.0, -5.0, -4.185660799122364, -4.902414567904311, -5.0, -5.0, -5.0];166.01454710005783;16.54773860005662
[2.5549452000000055, 2.3055070000000004];True;[-5.0, -4.716192305274312, -5.0, -5.0, -5.0, -5.0, -4.199296806286078, -5.0, -5.0, -5.0];169.00973419996444;16.54773860005662
[2.5315200000000093, -2.47531935];True;[-5.0, -5.0, -5.0, -5.0, -5.0, -5.0, -5.0, -5.0, -5.0, -5.0];172.66626149998046;14.270558000076562
[2.5460073360000086, -2.41848184];True;[-5.0, -5.0, -5.0, -5.0, -5.0, -5.0, -4.851497524849914, -5.0, -5.0, -4.477777160136549];171.3687586999731;14.270558000076562
[2.557037808000012, -2.3076231];True;[-4.946539157192552, -5.0, -3.925575654991054, -5.0, -5.0, -5.0, -5.0, -5.0, -5.0, -4.946539119024075];171.3021480999887;14.270558000076562
[2.5445802240000037, -2.46546975];True;[-5.0, -5.0, -5.0, -5.0, -4.984372206606356, -5.0, -5.0, -4.410985738300216, -5.0, -5.0];169.8561832999112;14.270558000076562
[2.544007176000007, -2.48916488];True;[-5.0, -5.0, -5.0, -5.0, -5.0, -4.658485573752627, -4.763414894043804, -5.0, -5.0, -5.0];167.81151949998457;14.270558000076562
[2.5644578400000064, -2.2722705];True;[-5.0, -5.0, -5.0, -4.971508520158576, -5.0, -3.8205183378902987, -4.683082066335951, -5.0, -5.0, -5.0];174.7635266999714;13.303951999987476
[2.5401018960000132, -2.49999999998741];True;[-5.0, -4.997966834829918, -5.0, -4.606675911224997, -5.0, -5.0, -4.998050670514454, -5.0, -5.0, -5.0];166.78480190003756;13.303951999987476
[2.5315200000000093, -2.47531935];True;[-5.0, -5.0, -5.0, -5.0, -5.0, -5.0, -5.0, -5.0, -5.0, -5.0];166.79146759992;13.303951999987476
[2.5456723200000115, -0.292818];True;[-4.836199119813363, -4.836200889795096, -5.0, -5.0, -5.0, -5.0, -5.0, -4.836198377265826, -5.0, -4.836198281915437];167.5188882999355;13.303951999987476
[2.538514944000009, -1.424166];True;[-4.972938820506047, -5.0, -5.0, -5.0, -5.0, -4.912494148376169, -4.807220858067738, -5.0, -5.0, -4.983501645112533];167.42580249998719;13.303951999987476
[2.5423221600000128, -2.43268234];True;[-5.0, -5.0, -5.0, -5.0, -4.999999988908127, -4.710217666548506, -4.789693673162276, -4.999999985183616, -5.0, -4.999999986667711];166.41739269997925;11.98563839995768
[2.554487064000008, -2.499999999990139];True;[-4.8519796130161605, -5.0, -5.0, -4.78727646957844, -5.0, -4.9778574364243955, -4.773329007572778, -5.0, -5.0, -4.546275401451292];170.81544660008512;11.98563839995768
[2.5452800640000106, -2.4802557];True;[-5.0, -5.0, -5.0, -5.0, -4.681478151384484, -5.0, -5.0, -4.681484175675081, -5.0, -5.0];167.086877200054;11.98563839995768
[2.6097765840000093, -1.217337];True;[-5.0, -5.0, -5.0, -5.0, -5.0, -4.9480231121346, -1.8703698107953732, -4.558622866249197, -5.0, -5.0];165.01952699990943;11.98563839995768
[2.5315200000000093, -2.47531935];True;[-5.0, -5.0, -5.0, -5.0, -5.0, -5.0, -5.0, -5.0, -5.0, -5.0];168.01239119993988;11.98563839995768
[2.571455592000005, -1.9834969];True;[-3.1511295022354076, -5.0, -5.0, -5.0, -5.0, -5.0, -5.0, -5.0, -5.0, -5.0];190.52190319995862;13.578015799983405
[2.570125032000006, -2.313695];True;[-4.669313955784247, -4.687591664413699, -5.0, -5.0, -5.0, -4.531412086139881, -4.76988504926984, -5.0, -5.0, -4.554541596986402];183.82828040001914;13.578015799983405
[2.6938593360000125, -2.4999999999957305];True;[-5.0, -5.0, -5.0, -5.0, -5.0, -5.0, 2.515703215268916, -5.0, -5.0, -5.0];168.38644150004257;13.578015799983405
[2.5970150880000045, -2.1547861];True;[-5.0, -5.0, -5.0, -2.1553641366808196, -5.0, -4.812450555871573, -5.0, -5.0, -5.0, -5.0];188.13027399999555;13.578015799983405
[2.562513408000011, -2.4999999995680215];True;[-4.154669810223327, -5.0, -5.0, -5.0, -5.0, -4.579970492170189, -4.83046732955632, -5.0, -5.0, -5.0];171.08283490000758;13.578015799983405
[2.5546883760000085, -1.532393];True;[-4.473428071122379, -5.0, -5.0, -4.764756024145923, -5.0, -4.924443411131693, -5.0, -5.0, -5.0, -4.764756024148943];158.90929900004994;21.218995000002906
[2.5785365040000006, -2.3685917];True;[-4.819873439085792, -5.0, -5.0, -4.1059464102155, -5.0, -5.0, -4.791672371009522, -5.0, -5.0, -4.10581551205276];162.10364230000414;21.218995000002906
[2.5598350080000136, -2.4999999999866627];True;[-4.999099340727498, -5.0, -4.999696160356203, -4.999385339115161, -5.0, -4.132840634221893, -4.761827372154053, -5.0, -5.0, -4.796263975555557];161.05106179998256;21.218995000002906
[2.7120726720000072, -2.4999999997482174];True;[-5.0, -1.994492809153669, -5.0, -5.0, -5.0, -5.0, 0.3534101312831748, -5.0, -5.0, -5.0];155.70256030000746;21.218995000002906
[2.565702648000004, -2.45363835];True;[-4.736992038764641, -5.0, -5.0, -5.0, -5.0, -3.969958040622152, -4.775520593855449, -4.961376659359853, -4.97364396150957, -5.0];157.39607030001935;21.218995000002906
[2.5464741120000136, -0.684396];True;[-5.0, -5.0, -5.0, -5.0, -5.0, -4.533560110333736, -4.7741154250681745, -5.0, -5.0, -5.0];144.5398859999841;12.65181290009059
[2.6697118320000017, -0.774853];True;[-5.0, -5.0, -5.0, -5.0, -5.0, -5.0, 1.397767072185947, -5.0, -5.0, -5.0];142.5624211000977;12.65181290009059
[2.5541848800000047, -2.2046939];True;[-4.746768839199809, -5.0, -5.0, -5.0, -4.884959196978349, -5.0, -4.942765131404962, -5.0, -5.0, -4.376217263594677];149.0284815999912;12.65181290009059
[2.5750031760000125, -2.499999999995002];True;[-4.992018253780486, -5.0, -4.986158463518717, -5.0, -5.0, -4.417595529014578, -4.565307043790519, -4.249299067812311, -5.0, -4.776519580899551];142.58902960002888;12.65181290009059
[2.5315200000000093, -2.47531935];True;[-5.0, -5.0, -5.0, -5.0, -5.0, -5.0, -5.0, -5.0, -5.0, -5.0];144.23218779999297;12.65181290009059
[2.560046040000014, 1.3499569999999999];True;[-5.0, -5.0, -4.490440701055043, -5.0, -5.0, -5.0, -4.777960806384737, -4.410950916048685, -5.0, -5.0];144.53775850008242;16.316926300060004
[2.581314048000008, -2.47732116];True;[-5.0, -5.0, -5.0, -5.0, -5.0, -4.1816805357154, -3.513048915939091, -5.0, -5.0, -5.0];152.40581849997398;16.316926300060004
[2.5550454240000073, -2.48398974];True;[-4.883190010825995, -5.0, -5.0, -4.99995649995286, -5.0, -4.054529015874833, -4.973186183134534, -5.0, -5.0, -5.0];145.6359190000221;16.316926300060004
[2.579277384000003, -1.6674351];True;[-5.0, -5.0, -5.0, -5.0, -5.0, -5.0, -2.7890045987768657, -5.0, -5.0, -5.0];147.23968679993413;16.316926300060004
[2.5315200000000093, -2.47531935];True;[-5.0, -5.0, -5.0, -5.0, -5.0, -5.0, -5.0, -5.0, -5.0, -5.0];146.10622690001037;16.316926300060004
